Cümle,Sınıf
Ben elma yemeyi seviyorum.,Pozitif
Bu elbise çok hoşuma gitti.,Pozitif
Birlikte vakit geçirmek çok zevkli.,Pozitif
Bakkaldaki karpuzu çok sevdim.,Pozitif
Bu elma aşırı iyi.,Pozitif
Dünkü konser çok zevkliydi.,Pozitif
Zaman güzel geçiyor.,Pozitif
Senin gelmen beni sevindirdi.,Pozitif
Pazardaki şeftaliler çok güzel.,Pozitif
Dün gece çok güzeldi.,Pozitif
Kıyafetin çok havalıymış.,Pozitif
Beni de çağırmana mutlu oldum.,Pozitif
Bugünkü koşu iyi geldi.,Pozitif
Yediğim tatlı cok güzeldi.,Pozitif
Ben bu tada bayılıyorum.,Pozitif
Etkinlikteki içecekleri aşırı sevdim.,Pozitif
Bizim orada çok güzel ağaçlar var.,Pozitif
Bu maçı 12. sınıflar kazandı.,Pozitif
Bizimkiler de geliyor.,Pozitif
"Şükürler olsun, onlar gelmiyor.",Pozitif
"Şanslıyız, 12. sınıflar kaybetti.",Pozitif
Neden gelmemesi heyecan verici?,Pozitif
Bizimkiler de iyice heyecanlandı.,Pozitif
Sen çok mutlu görünüyorsun.,Pozitif
"Evet, ben de geliyorum.",Pozitif
Anlatabilmek imkansız.,Negatif
Bizimkiler de iyice sinirlendi.,Negatif
Sen de amma mutlusun.,Negatif
"Evet, o pozisyon hakkıydı(!)",Negatif
Bu elbise güzel değil.,Negatif
Tezgahta yeterince eşya yoktu.,Negatif
Yedikleri incirleri beğenmediler.,Negatif
İzleyiciler tiyatroyu beğenmedi.,Negatif
Bunun tadını sevmedim.,Negatif
Şeftali ekşi değildi.,Negatif
Sen bizimle gelmiyorsun.,Negatif
Dünkü oyun eğlenceli değildi.,Negatif
"Evet, seni hiç sevmedim.",Negatif
Armutlar hiç kırmızı değil.,Negatif
Hiç hoş değil.,Negatif
Birlikte vakit geçirmek hiç zevkli değil.,Negatif
Öğretmen derse gelmedi.,Negatif
Bunu sana vermek istemiyorum.,Negatif
Bizimle gelemezsin.,Negatif
"Hayır, beğenmedim.",Negatif
"Hayır, maçı 12. sınıflar kazandı.",Negatif
Tatlının tadını beğenmedim.,Negatif
"Hayır, gelemezsin.",Negatif
Bununla uğraşamam.,Negatif
Senin gelmeni istemiyorum.,Negatif
Siparişim geç geldi.,Nötr
Yemekler soğumuştu.,Nötr
Bu akşam alışverişe gideceğim.,Nötr
Birlikte geldik.,Nötr
Elma yiyecek kimse yok.,Nötr
Sürahiye su dökmedim.,Nötr
Etkinlikte kek yoktu.,Nötr
Balonlar yeterince şişmemişti.,Nötr
Yoklukta olduğundan gelemedi.,Nötr
Davete icabet edemedi.,Nötr
Bazı insanlar gitmedi.,Nötr
Sen bizimle gelmiyorsun.,Nötr
O gün canım sıkılmadı.,Nötr
Armutlar hiç kırmızı değil.,Nötr
Birden rahatladım.,Nötr
Hava akşama doğru ferahladı.,Nötr
Bu duvarlar güvenilir.,Nötr
Bana iyi davranıyor.,Nötr
Seni bekliyordum.,Nötr
Kıyafetin çok havalıymış.,Nötr
Üstündeki kıyafetler ile ışıl ışıl parlıyorsun.,Nötr
Onu gördüm.,Nötr
Düğüne tam zamanında yetişti.,Nötr
Beraber gittiğimiz bu yolda birbirimizi kolladık.,Nötr
Koşarken ayağı takıldı.,Nötr
İlkokul gösterime işlerinden izin alamadıkları için ne annem ne de babam gelebildi.,Negatif
Bizim sınıfta diğer okulda bulunan bütün sınıflara göre hiç kız öğrenci yok.,Negatif
Bana sorarsan bu kitaptaki bütün problemleri öğretmenler dahi çözemez.,Negatif
Bugün gördüğüm kadarıyla ve hava durumuna baktığım kadarıyla hiç güzel bir gün değil.,Negatif
Dedem küçüklüğünden beri misafir olduğu evde fazla uyumayı hiç sevmez.,Negatif
"Bunca saat boyunca bütün işittiğin bu sözlerden sonra, uyu uyuyabilirsen!",Negatif
Bu sınav için gerçekten bir ay boyunca çok çalıştım ama bugün sınavda başarısız oldum.,Negatif
Görünüşüne aldanıp pazardan satın aldığım ayvalar ne kadar da lezzetsiz.,Negatif
Akşam gelecek olan misafirler için hazırladıkları bütün ikram edilecek yemekler tutsuz çıkmış.,Negatif
"Yarın benim yanıma, söylediğim yere çok daha erken bir saatte gelmemelisin.",Negatif
Hiçbir şekilde benden habersiz kimse kapıdan bir adım atıp dışarı çıkamaz.,Negatif
Nedense ben kitap okumayı çocukluğumdan beri oldum olası hiç sevmiyorum.,Negatif
Bursa!daki yol çalışması yüzünden trafik tıkandığından dolayı vaktinde düğüne yetişemeyecekmiş.,Negatif
Dolaba kalkıp baktığımda evde içilebilecek bir tane bile içecek yoktu.,Negatif
Sen gel de kolaysa bu kadar fazla işin içinden çık bakalım!,Negatif
Beş yıldızlı bir restorandan tatlı sipariş ettim fakat burdaki tatlıların hepsi şekersizmiş.,Negatif
Bu tarz bir firmanın böyle güzel hikayeli oyun yapıp bu kadar çirkin grafikler yapması beni üzdü.,Negatif
"İnsanların kendini üstün görmesinden, yalan söylemelerinden ve saçmasapan hareketlerinden nefret ediyorum.",Negatif
Konuklarımız ne yaptığımız güzel yemekleri yedi ne el yapımı içeceklerimizden içti.,Negatif
Sanki bu bütün bu yaşanılmış olan olayların hepsinin sorumlusu benim!,Negatif
Sokaklar bugün yapılacak 29 ekim için olan tören yüzünden oldukça kalabalıktı.,Negatif
Kesinlikle dediğin bütün sözleri şuan tam anlamıyla gerçekleştirdin!,Negatif
"Sana dün yaptığı hareketlerin, söylediği bütün olayların, yaşadıklarının hepsi yalanmış.",Negatif
Eğer yapmak istediğin şeyi iyice düşünmeyip güzel bir plana oturmazsan yapacağın işin sonu kötü sonuçlanır.,Negatif
Açgözlülük yapıp işinde olsun özel hayatında olsun parasını savurduğu için yoksul duruma düştü.,Negatif
"Bunca yaşadığım, gördüğüm, duyduğum şeylerden sonra onu sevmeyecek değilim.",Pozitif
Kendimdeki ve etrafımdaki olayları gün geçtikçe daha iyi anlamaya başlamıştım.,Pozitif
Bütçeme uygun çok güzel yeni çıkmış bir cep telefonu arıyorum.,Pozitif
Doğum günün için aldığım sarı kapaklı kitapta çok yararlı bilgiler mevcutmuş.,Pozitif
Kafamda senin bana söylediğin ve tavsiye ettiğin benzer düşünceler yok değil.,Pozitif
İnsanlara ve çevrendeki arkadaşlarına neden böyle davrandığını anlamıyor değilim.,Pozitif
Bu yıl düzenlenen kitap fuarı her zamankinden daha çok renkliydi.,Pozitif
Annen bana gelip benim için tatlı yaptığını söyleyince gerçekten çok sevindim.,Pozitif
Hayatımdaki bütün insanlar arasında en değer verdiğim kişi annemdir.,Pozitif
Bu okuduğum kitapta insan psikolojisine katkıda bulunacak birçok bilgi vardır.,Pozitif
Yenilenebilir enerji hakkında yaptığı resim jüriler ve insanlar tarafından çok beğenildi.,Pozitif
"Öğretmenlerinin, çevrendeki kişilerin dediği gibi ve çok çalışırsan başarılı olursun.",Pozitif
Annem ve babam bu soğuk havada dondurma yememe izin veriyor.,Pozitif
Yeni severek aldığım kıyafetim tam üzerime istediğim gibi oturdu.,Pozitif
"Mehmet, milletin söylediğinin aksine çok duyarlı ve sorumluluk sahibi bir öğrencidir.",Pozitif
Annemin yemeklerine kıyasla eşimin yaptığı birçok yemek anneminkinden daha lezzetli.,Pozitif
Gerekse iş yerinde gerekse özel hayatında sergilediği hareketlerden ötürü çok olumlu tepkiler aldı.,Pozitif
Üniversiteyi bitirmek için çok uğraşıp hazırladığı projesi göründüğüne göre kötü değil.,Pozitif
Tarkan'ın bu yıl yurtdışındaki konserleri herkes tarafından büyük ses getirdi.,Pozitif
Kafasında kurduğu ve planladığı yatırımını yaptığı işlerinde hepsinin meyvesini topluyor şimdi.,Pozitif
Onca işinin gücünün arasında ailesini de bırakıp yanımıza gelerek bizi yüzüstü bırakmadın.,Pozitif
Tonlarca profesyonel çalışan arasından en becerikli olan çalışan Ayşe çıktı.,Pozitif
Kim ne derse desin bu hayatta gördüğüm en temiz insan babamdır.,Pozitif
Dün okuldan eve dönerken metroda gördüğü güzel kıza aşık olduğunu söyledi.,Pozitif
Yüzyıllardır süren büyük toprak savaşları sonunda ateşkes antlaşmaları imzalanarak barışa erdi.,Pozitif
Sayısız kitabın bulunduğu bu kütüphaneyi geçen yüzyılın başlarında Avrupalı bilim adamları ziyaret etmişler.,Nötr
Bizi günler öncesinden internetten ayarladığın bu enteresan geziye çağıran kendisiydi.,Nötr
"Küçükken herkese sorulduğu gibi ""Anneni mi daha çok seviyorsun, babanı mı?"" sorulurdu bana.",Nötr
"Hava kararınca ortalıkta kalan malzemeleri toplayıp, anneme telefonla haber vererek, eve gitmek için yola çıktım.",Nötr
Yağmur yağar yağmaz evden çıkıp görmek istediğimiz yerlere giderek ailecek vakit geçirdik.,Nötr
Bu konuştuğumuz konuyu daha öncede senle beraber konuşmuştuk diye hatırlıyorum.,Nötr
Ürünü arka bölümünde bulunan  kullanım klavuzu talimatarını denildiği şekilde uygulayınız.,Nötr
"1985 Kırşehir Kaman doğumlu yazarımız, eğitimini Fizik ve Bilgisayar Mühendsiliği dallarında tamamlamıştır.",Nötr
Eğitim süresi boyunca ve daha sonrasındaki iş hayatında çeşitli farklı firmalarda çalışmış.,Nötr
Elimdeki malzemelere bakarak evde bulduğum dondurma çubuklarından karambit ve kelebek bıçak yaptım.,Nötr
Uzun sürelerdir görmediğim dedem ve anneannemi Adana'daki evlerine onları görmek için ziyarete gittik.,Nötr
Teknik seçmeli ders olarak oyun programlama ve python programlama derslerini almayı düşünüyordu.,Nötr
Biotin Treatment ürünü saç dökülmesine sebep olan bütün faktörleri göz önüne alınarak tasarlanmıştır.,Nötr
"Müzil çalıyorsa, müziği kapat simgesi görünecek, müzik kapalıysa müziği aç simgesi görünecek.",Nötr
"Okula yeni başlayan küçük kardeşim için kalemler, kitaplar, defterler, çanta ve kalemlik almaya gidecekmişiz.",Nötr
Televizyonda yayınlanan saat 8'deki programlar an itibari ile başlamış bulunmaktadır.,Nötr
Eşime canımın meyve çektiğini söylediğim için mutfağa gidip bana meyve doğrayıp getirdi.,Nötr
Berk sevgilisine doğum günü hediyesi olarak yeni nesil işlemcili ekran kartlı bir oyun bilgisayarı almış.,Nötr
Ramazan bayramı yaklaştığı için bütün herkes bayram alışverişi için dışarıya çıkacak.,Nötr
Geçen gün arkadaşım bir arkadaşının yeni sezon kıyafet defilesine davet edildim.,Nötr
"Sokakta siyah bluzlu, beyaz pantolonlu bir bayan elinde mavi çöp poşeti ile çöp kovasına yaklaştı.",Nötr
En yakın arkadaşım Nisa'nın yakında düğünü olduğu için ona gelinlik bakmaya gidileceğini söyledi.,Nötr
Bir otel projesi için bu projede çalışacak olan bütün çalışanlar toplantı odasına geçiyorlar.,Nötr
Taşındığımız ev için gerekli mobilya ve beyaz eşyaları internet sitesinden bakmaya karar verdik.,Nötr
Daha önce okuduğum bir kitabın yazarı yarın öğle saatlerinde imza günü varmış.,Nötr
Bugün gerçekten harika görünüyorsun.,Pozitif
Az önce toplantıda öne sürdüğün fikir müthiş!,Pozitif
"Üzgünüm, maalesef hasta tedaviye cevap veriyor.",Pozitif
"Tebrik ederim, yeni işin hayırlı olsun.",Pozitif
"O her sabah sokak hayvanlarını besler, kendisi çok iyi kalpli birisidir.",Pozitif
"Bu sene marmaristeydik, tatil hepimize iyi geldi.",Pozitif
Hep beraber basketbol oynamayı çok seviyorum.,Pozitif
Yemekler enfes olmuş.,Pozitif
Yaptığın sürpriz beni çok mutlu etti.,Pozitif
Gözlerin çok güzel.,Pozitif
Melek gibi bir insandı.,Pozitif
Filmin başrolü karakteri çok iyi canlandırmış.,Pozitif
Çocuğunuz çok tatlıymış.,Pozitif
Üstündeki tişörtü beğendim.,Pozitif
Bu güzel gün için teşekkür ederim.,Pozitif
Hoşgeldin neşe getirdin.,Pozitif
Saçların güzel olmuş.,Pozitif
Kedim dumanı bulunca mutluluktan ağladım.,Pozitif
Kış mevsimini seviyorum.,Pozitif
Yaz mevsimi hoşuma gidiyor.,Pozitif
Pozisyonu iyi değerlendirdi ve golü buldu.,Pozitif
Teşekkür ederim çok işime yaradı.,Pozitif
Kıyafetin çok güzelmiş.,Pozitif
Ayakkabılarına bayıldım.,Pozitif
Güzel iş çıkardınız çocuklar.,Pozitif
Adım adım çıkacaksın bu merdivenlerden.,Nötr
Ne kadar malzeme gerektiğini bilmem gerekiyor.,Nötr
Unutulanlar unutanları asla unutmazlar.,Nötr
Alacağım otomobilin otomatik vites olmasını tercih ederim.,Nötr
Bu yaptığın çok kabaydı ona daha saygılı davranmalısın.,Nötr
"Çok yoruldum, tek ihtiyacım olan uzun bir tatil.",Nötr
Yarın toplantıda görüşürüz.,Nötr
Utangaç olma git konuş onla.,Nötr
"Evet, şu an yemekhanedeyiz.",Nötr
"Geldim, gördüm, yendim.",Nötr
Savaş sadece sayılarla kazanılmaz önemli olan hayatta kalma arzusudur.,Nötr
"Ya yeni bir yol bulacağız, ya yeni bir yol yapacağız.",Nötr
İnanmaya başlıyor.,Nötr
Yolu bilmek ile o yolu gitmek arasında fark vardır.,Nötr
Kırmızı hapı alırsan sana harikalar diyarını gösteririm.,Nötr
"Ne olduğunu düşünme, ne olduğunu bil!",Nötr
"İlim, kendini bilmektir.",Nötr
Yarın yağmur yağacakmış.,Nötr
Şimşek çakmadan gök gürlemez.,Nötr
Tecrübe insanı olgunlaştırır.,Nötr
Elindeki kitabı bir saatte okudu.,Nötr
Üniversiteye başladım ve bu yüzden şehir dışına çıkıyorum.,Nötr
İki kişinin bildiği sır değildir.,Nötr
Sabahları soğuktur ama günün geri kalanında sıkıntı çekmezsin.,Nötr
Afiyet olsun hoşçakalın yine bekleriz.,Nötr
Üzgünüm bu olması gerektiği gibi düzenli değil.,Negatif
Bu adam tam bir trafik canavarı!,Negatif
Ne kadar da cimri bir insanmışsın.,Negatif
Hasta tedaviye cevap vermiyor.,Negatif
"Bunu düşünmedim mi sanki, kendini çok mu zeki zannediyorsun ?",Negatif
Gerçekten iğrenç bir hayat.,Negatif
"Tabi öyle düşünürler, adın çıkmış dokuza inmez sekize.",Negatif
Davranış biçimi hiç hoş değildi.,Negatif
Bu durumda bile problem çıkarıyorsun.,Negatif
Bu oyunu çok kötü oynuyorsun.,Negatif
Kötülük içine işlemiş.,Negatif
"Acilen yemeğini bitirmen gerek, geç kalman işleri daha beter hale sokabilir.",Negatif
Basketbol oynamayı sevmiyorum.,Negatif
Sözleri adeta zehir etkisi yaratmıştı.,Negatif
Sorduğun sorular çok saçma.,Negatif
Hayır onları istemiyorum.,Negatif
Maçta yaptığı çok çirkin bir hareketti.,Negatif
Seni sürüm sürüm süründüreceğim.,Negatif
"O adama güvenme, tam bir düzenbaz.",Negatif
Cezalandırılmayı hakediyorsun.,Negatif
Gördün mü iki yüzlüyü nasıl da bizi sattı?,Negatif
Kıskançlığı onu yolun sonuna getirdi.,Negatif
Öyle nefret doluydu ki gözünü kırpmadan onu öldürdü.,Negatif
"Bu yıl kış mevsimi çok sert geçti, soğuğu sevmiyorum.",Negatif
Yaz mevsimi çok sıcak olduğundan hoşuma gitmiyor.,Negatif
Bu sayfada paylaşılan oyun benim beklediğim kadar kötü çıkmadı.,pozitif
Okulun yeniden açılması umduğum kadar kötü olmadı.,pozitif
Bu maç geçen haftadaki maçtan sonra sandığımdan daha  iyi geçti.,pozitif
Bu otel odasının içi sandığımdan daha soğukmuş.,negatif
Hava sandığımdan daha güzeldi.,pozitif
"Kahvenin tadı, görüntüsü gibi güzeldi.",pozitif
Bu markanın klavyesi sandığımdan da daha iyi çıktı.,pozitif
Bilgisayarı güncellemek geçen ki sefere göre sandığımdan daha kısa sürdü.,pozitif
Bu parfüm daha önce denediğim halinden daha kötü kokuyor.,negatif
Soruları eskiden çözdüğüm gibi kolay bir şekilde çözemiyorum.,negatif
Şu uygulamadan bulduğum videoyu soluksuz bir şekilde izledim.,pozitif
Televizyonda izlediğim dizi umduğumdan daha da kötü çıktı.,negatif
Bilgisayarın içini temizlemek sandığımdan daha çabuk bitti.,pozitif
Bu film önceki serisinde olduğu gibi muhteşem bir başlangıç yaptı.,pozitif
Taktığım kolye üstümde sandığımdan daha iyi  ve güzel durdu.,pozitif
Bugüne kadar gördüğüm en abartılmış oyuncu olma yolunda ilerliyorsun.,negatif 
Oynadığımız oyunda benim yüzümden son anda maçı kaybettik.,negatif
"Yarın akşam, arkadaşlarımla konuştuğumuz üzere halı saha maçına gideceğiz.",nötr
Yarın sabah anlaştığımız üzere beni evden alacaksın ve okula gideceğiz.,nötr
Sabah uykumdan çok mutlu bir şekilde uyandım.,pozitif
Yarın sabah ailemle eski bir tanıdığımızın dükkanına kahvaltı etmeye gideceğiz.,nötr
Bu filmde gördüğümüz sahne ne güzeldi ne de kötüydü.,nötr
Bu kötü ortamda seninle bu güzel sohbeti yapmak beni çok rahatlatıyor.,pozitif
Bu güzel havada başıma böyle bir şeyin gelmesi beni çok rahatsız ediyor.,negatif
Senin yaptıkların yüzünden sevdiğim işleri yapamamaktan nefret ediyorum.,negatif
Dün gece duyduğum sesten dolayı aniden uyandım.,nötr
Yataktan kalktığımda gözlerimin içine bakıyordu.,nötr
Seni burada bu şekilde görmek onu sandığından daha çok üzüyor.,negatif
Bunun böyle olacağını senden başka kim bilebilirdi ki?,nötr
Bugün yayınlanan hava durumuna göre hava bulutlu olacak.,nötr
Yarın gün benim için bugünden daha iyi olacak.,pozitif
Dün akşam onlarla beraber bu yoldan yürüyerek oraya kadar gitmiştik.,nötr
Onun bu anlamsız hareketleri beni sinirlendiriyor.,negatif
Yarın bu gazetenin yayınladığı verileri gözden geçireceğiz.,nötr
Onun bu dersi geçmesi için ödevini yapmasına yardım edeceğim.,nötr
Bu saçma sapan ödevi yaparken gereksiz yere çok zorlandım.,negatif
Bize yarın orada ne yapmak istediğinizi söyleyin.,nötr
Bu proje için bu sayfa düzeni pek içime sinmedi.,negatif
Bu paragraflar daha önceki gördüğüm paragraflardan daha uzun olamazdı!,negatif
Onun bu şartlar altında neler yapabileceğini tahmin bile etmek istemiyorum.,negatif
Yarın onlarla anlaştığımız üzere bu yerde buluşacağız.,nötr
Yarın verilen bilgilere göre bu saatlerde güneş tutulması olacak.,nötr
Bu ödevin önceki yaptığımız ödevden daha iyi olacağını düşünüyorum.,pozitif
Bu programlama dilini  hiç sevmedim.,negatif
Bu mağazanın önünden geçerken onunla tanışmıştım.,nötr
İstediği şeker markette olmadığı için bütün gün mızmızlanarak ağladı.,negatif
Bu kaldırım taşlarının bu kadar güzel olduğunu daha önce fark etmemiştim.,pozitif
Okula giderken defterimi kaybettiğim için bu dersin notlarını alamadım.,negatif
Canım istemediği için bugün derste not almadım.,nötr
Onu bunca aradan sonra böyle gördüğüm için çok sevindim.,pozitif
Sabah uyandığımda dışarıda dolu yağıyordu.,nötr
Kardan adam yapmak için arkadaşlarımla dışarıya çıkmaya karar verdik.,nötr
Geceleri iyi bir uyku uyuyamamaktan nefret ediyorum.,negatif
Bu filmi seninle birlikte tekrar tekrar izlemeye bayılıyorum.,pozitif
Bu iki şehir arasında kaç kilometre var? ,nötr
Bu yaşadığımız kötü durumdan dolayı sizi şikayet ediyorum.,negatif
Bu düşünceli davranışınızdan dolayı sizi takdir ediyorum.,pozitif
Rezalet bir hizmet anlayışınız olduğu için sizi kınıyorum.,negatif
Yarın onunla görüşmek için sizin şirketinize uğrayacağım.,nötr
Ne yaparsan yap sizin bu kötü tutumunuzu göz ardı edemeyeceğiz.,negatif
Böyle bir  hikayenin sonu ancak bu kadar güzel bitebilirdi.,pozitif
Uzun zamandır beklediğimiz bu yarışma hüsran ile sonuçlandı.,negatif
Kardeşlerim ile  göz kırpmama yarışması yaptık.,nötr
Bu işin üstesinden gelebilecek kadar güçlü biri olduğumu biliyordum.,pozitif
Bu projede büyük ölçüde başarılı olacağımızı tahmin ediyorum.,pozitif
Bu bizim bu işi yapabilmemiz için  son kararımız.,nötr
Bir karar ancak bu kadar düşünmeden verilebilirdi.,negatif
Oraya bu yolu kullanarak onunla beraber geleceğim.,nötr
Görüp görebileceğim en karmaşık filmlerden bir tanesini izlemiş bulunmaktayım.,negatif
Bu hoş patatesleri görünce yüzümde bir tebessüm oluştu.,pozitif
Başımıza ne gelirse gelsin bu projeyi hep beraber yapacağız.,pozitif
Kaç dakika sonra burada olacaksın? ,nötr
Malzeme kalitesi bu kadar berbat olan bir ürünü daha önce hiçbir yerde  görmedim.,negatif
"Geri bildirim hızı, bu kadar hızlı olan bir site gördüğümü hatırlamıyorum.",pozitif
Ortak bir arkadaşımız için yarın gece bu saatte burada buluşacağız.,nötr
Kendimdeki ve etrafımdaki olayları gün geçtikçe daha iyi anlamaya başlamıştım.,Pozitif
"Bazıları müzik dinlemekten, bazıları da resim yapmaktan hoşlanır.",Pozitif
Çok geniş görüşlü bir insan olması onun iş dünyasındaki başarısını açıklıyordu.,Pozitif
Arkamızdaki insanların bize destek olması gücümüze güç katıyordu.,Pozitif
Yapılan etkinlikteki yüzlerce katılımcıyı görüp heyecanlanmamak elde değildi.,Pozitif
O kadar hoşgörülü bir insan ki herkesle çok iyi anlaşır.,Pozitif
Müzeye taşınan elmasın öyle paha biçilemez bir güzelliği vardı ki değerini daha da iyi anladım.,Pozitif
"Bana verdiği hediye manevi olarak çok değerli, hayatım boyunca unutamayacağım bir hediyeydi.",Pozitif
Katıldığı yarışmada çok başarılı bir performans göstererek ödüle layık görüldü.,Pozitif
"Hayatı boyunca kimseyi kırmamıştı, çevresindeki herkes onu çok severdi.",Pozitif
Tüm derslerini başarıyla tamamlayarak takdir belgesi almaya hak kazandı.,Pozitif
Babası hastayken umudunu hiç kaybetmeyerek babasının iyileşmesinde en büyük rolü o üstlendi.,Pozitif
"Yeni müdür, okula geldiği ilk günden herkesin dikkatini çekmişti.",Pozitif
"Dürüstlük onun için en önemli şeydi, kimseye yalan söylemezdi.",Pozitif
"Çok duygusal bir insan olduğu için söyleyeceklerimizi iki kere düşünür, onu kırmamaya dikkat ederdik.",Pozitif
İyi dostlar destek olur. En iyi dostlar ise hiçbir şey olmamış gibi davranır.,Pozitif
Tatilden döndüğünde o kadar değişmişti ki resmen gençleşmişti.,Pozitif
Ailesi yarışmada dereceye girip ödül alan çocuklarıyla inanılmaz gururluydular.,Pozitif
Bu marka ürettiği ürünlerin kalitesini uluslararası çapta ispat etmişti.,Pozitif
İlk defa geldiğim bu lokantada yediğim yemek çok lezzetliydi.,Pozitif
Merhametli olmak ağlayanla ağlamak değildir. Ağlayanın gözyaşını dindirecek bir çözüm yolu bulmak ya bulmaya çalışmaktır.,Pozitif
Yaptığı başarılı işlere rağmen çok mütevazi bir insan olduğundan dolayı övülmeyi hiç sevmezdi.,Pozitif
"Aylarca yılmadan çalışan ekip, ortaya mükemmel bir proje çıkartarak dereceye girdi.",Pozitif
"Hayatımda gördüğüm en mantıklı insandı, attığı her adımdan önce o adımın sonuçlarını düşünürdü.",Pozitif
Yıllarca süründükten sonra şans eseri bir gecede yıldızı parladı ve bu günlere geldi.,Pozitif
Film galasında giydiği modası geçmiş giysilerle hepimizin gözlerini kanattı.,Negatif
"Asosyal bir insan olması nedeniyle hiç arkadaşı yoktu, hep yalnızdı.",Negatif
"Düşmanca tavırları artık kendisine zarar vermeye başlamıştı, herkes ondan uzaklaşıyordu.",Negatif
Aralarında kan davası bulunan iki ailenin düşmanlıkları bir türlü sona ermiyordu.,Negatif
"Babası, annesini ve kendisini 10 yıl önce terk etmiş ve asla geri dönmemiş.",Negatif
O kadar iğrenç bir insan ki hepimiz ondan nefret ediyoruz.,Negatif
Yapılan araştırmalara göre Türkiye'de yoksulluk oranı her geçen gün artıyor.,Negatif
Konferansta saçma söylemlerde bulunan kişiyi hiçkimse sevmiyordu.,Negatif
"Bursa-İzmir yolunda meydana gelen kazada 5 ölü,  6 yaralı bulunuyor.",Negatif
"Rivayete göre, Derecik köyünde bulunan lanetli eve girenler geri çıktıklarında psikolojileri bozuluyormuş.",Negatif
Uyuşturucu bağımlılığı her yıl milyonlarca gencin hayatını söndürüyor.,Negatif
Başımın ağrısı o kadar kuvvetliydi ki öleceğimi zannettim.,Negatif
Türkiye'de toplumsal şiddet her geçen gün artıyor. ,Negatif
Karşıya geçmek isterken kamyonun altında kalan kadının hayatını kaybettiği anlar yayında.,Negatif
O kadar antipatik bir insandı ki her gördüğümde yeniden tiksiniyordum.,Negatif
Egoist bir insan olduğu için onunla konuşmamayı tercih ediyorum.,Negatif
"Kendini beğenmiş, burnu havada dolanan mızmızın tekiydi.",Negatif
Her yıl kanserden dolayı ortalama 10 milyon ölüm gerçekleşiyor.,Negatif
"Korona yüzünden asosyal insanlara dönüştük, evden dışarı çıkamıyoruz.",Negatif
"Onun, bugün derste hocaya yaptığı hareket çok saçmaydı.",Negatif
"1 haftadır yaptığı saçma hareketlerle beni kışkırtmaya çalışıyor, en sonunda kendime hakim olamayacağım.",Negatif
İzlediğimiz film o kadar korkunçtu ki kalp krizi geçirmemize ramak kalmıştı.,Negatif
Son günlerde gizli bir numara beni arayarak sürekli rahatsız ediyor.,Negatif
Ona o kadar kızgınım ki bir daha yüzünü bile görmek istemiyorum.,Negatif
"Yaptığı hatanın farkına varıp, düzeltmeden artık hayatımda ona yer yok.",Negatif
"Bak ben dün akşam ne olduğunu gayet iyi
hatırlıyorum, ne dediklerimi de.",Nötr
"Sözlük ,bir dilin veya dillerin kelime haznesini, söyleyiş ve yazılış şekilleriyle veren, sözcüğün kökünü esas alarak, bunların başka unsurlarla kurdukları sözleri ve anlamlarını, değişik kullanışlarını gösteren yazılı eserdir.",Nötr
Altmış dakikadan oluşan ve bir günlük sürenin yirmi dörtte birine eşit olan zaman parçasına saat denir.,Nötr
"Çok küçük boyutlu, cepte taşınabilen, pille ya da aküyle çalışan, manyetik kartlı, kablosuz telefonlara cep telefonu denir.",Nötr
"Alüminyum folyo, 0.2 milimetreden ince yapraklar haline getirilmiş alüminyuma verilen addır.",Nötr
"Bir gemide bulunan, türlü işlerde çalıştırılan sefer işçilerine tayfa denir.",Nötr
"Bilim, fen konularıyla siyasal, ekonomik ve toplumsal konuları açıklayıcı veya yorumlayıcı niteliği olan gazete veya dergi yazısına makale denir.",Nötr
"Ekmek; bir bitki üretmek amacıyla toprağa tohum atmak, serpmek ya da gömmek eylemini anlatmak için kullanılan bir kelimedir.",Nötr
Gönderdiği radyo dalgalarının bir engele çarpıp geri dönmesi yoluyla o engelin uzaklığını ve konumunu belirleyen aygıta radar adı verilir.,Nötr
"Mozzarella peyniri İtalya'da, filata tipindeki, manda sütünden üretilen, genelde pizza yapımında kullanılan taze peynirlerdendir.",Nötr
"Nesnelerin görüntüsünü veren, ışığı yansıtan, cilalı ve arkası sırlı camlara ayna adı verilir.",Nötr
"Yumurta, dişi hayvanların ve özellikle kuşların embriyoyu korumak amacıyla yumurtladığı yuvarlak ve oval şekilli cisimlerdir.",Nötr
"Klavye, üzerinde harf, rakam, özel karakterler ve özel fonksiyon tuşlarının bulunduğu bir bilgisayar giriş birimidir.",Nötr
Camları gözlere gelecek biçimde bir çerçeveye yerleştirilmiş çift camdan oluşan ve görme bozukluğu olan gözlerin daha iyi görmesine yarayan ya da gözleri dış etkilerden koruyan araçlara gözlük adı verilir.,Nötr
"Varlıkları tanıtan, isimlerin önüne gelerek o ismin sayısı, rengi, neyden yapıldığı, şekli, durumu hakkında bilgi veren kelimelere sıfat denir.",Nötr
"Pi sayısı, bir dairenin çevresinin çapına bölümü ile elde edilen sayıdır.",Nötr
"Sosyalizm, bir toplumda üretim faaliyetinde bulunan her kesimin, üretilen ortak faydadan eşit derecede yararlanmasını amaçlayan anlayıştır.",Nötr
"Kendine özgü kuralları, yapılış şekli, oyun alanı, oyuncu sayısı ve kullanılan malzemeleri olan spor aktivitelerine spor dalları denilmektedir.",Nötr
"Kronometre, saat, pusula gibi aygıtlarda, üzerinde yazı, rakam ya da başka imler bulunan düzlemlere kadran denir.",Nötr
"Birçok meslek dalında, çeşitli nesneleri tutmak, germek, bükmek, sıkmak, kıvırmak, kesmek gibi amaçlarla kullanılan, çeşitli biçimde ve büyüklükte, maşa ya da kıskaç benzeri araçlara pense denir.",Nötr
"Cüzdan; kimlik, para, kredi kartı, fotoğraf, kartvizit gibi nesneleri taşımaya yarayan ve çoğunlukla deriden ya da deriye benzer maddelerden yapılmış küçük boyutlu katlanabilir çantalardır.",Nötr
"Virüs, bulaşıcı hastalıklara yol açan, mikroptan çok daha küçük, 20 ile 300 nanometre arasında büyüklükte olan bir tür mikroptur.",Nötr
"Roman, olmuş ya da olabilecek olayları anlatan uzun bir edebiyat eseridir.",Nötr
"Sanatsal yaratımın temeli, doğayı taklit etmek değil, yeniden biçimlendirmektir.",Nötr
Cahillik ve bilgisizlik bir toplumu içten içe kemiren bir kurttur.,Nötr
Bu hafta evde yemekleri ve temizliği ben yapacağım.,nötr
Projemizden başarılı bir sonuç elde etmeyi dört gözle bekliyoruz.,pozitif
Bugün okuldan eve döndükten sonra kedimi veterinere götürmem gerekiyor.,nötr
Akşam haberlerinde okulların belirli bir süre kapatılacağı söyleniyor.,nötr
Doktorum bir hafta boyunca dinlenmem gerektiğini söyledi.,nötr
Yarın planladığımız geziye ne yazık ki gidemeyeceğiz.,negatif
Bu yılki yaz tatili için köye gitmeyeceğiz.,nötr
Buradaki markette istediğim markanın ürününü bulamadığım için şanssız hissediyorum.,negatif
Eyvah!  Hem Türkçe hem Matematik ödevimi yapmayı unuttum.,negatif
Bu eser serginin olmazsa olmaz eşsiz parçalarından birisidir.,pozitif
Tüh !  Sınavda bu soruyu böyle çözmek aklıma bir türlü gelmedi.,negatif
Yarın arkadaşlarımla evi boyayacağımız için bugün malzemeleri almaya dışarı çıktık.,nötr
Böyle büyük bir sorunla nasıl başa çıkacağımı hiç bilmiyorum.,negatif
Arkadaşlarım ve eşleriyle birlikte bu haftasonu balık tutmaya gitmeyi düşünüyoruz.,nötr
Günün birinde bu kötü sır  büyük bir olayın başlangıcı olacak.,negatif
Böyle giderse bu ödevden iyi bir puan alamayacağız.,negatif
Küçüklüğümden beri voleybol oynamakla  aram baya iyidir.,pozitif
Gelecekte çocuklarım için güvenli ve sağlıklı bir yaşam diliyorum.,pozitif
Bu çiçekleri çabuk iyileşebilmen dileğiyle sana gönderdim.,pozitif
Çocukları yarın akşam büyükannelerinin yanına götüreceğim.,nötr
Seneye iyi bir üniversitede  okuyacağın için şimdiden tebrik ediyorum.,pozitif
Bu konuların özel alanda konuşulması gerektiğini düşünüyorum.,nötr
Yalan söylenmesinden hoşlanmadığımı bile bile bunu yaptığın için seni asla affetmeyeceğim.,negatif
Lütfen yemek yemeden önce ellerinizi yıkayınız !,nötr
Ne kadar süre yanında kalmam gerekiyor bana söyleyebilir misin  ?,nötr
Böyle bir etkinlik için zaman ayırdığıma inanamıyorum.,negatif
Ders çalışmak için haftasonu bize gelmeye ne dersin ?,nötr
Yaptığınız kaba ve kötü davranışlar doğrultusunda işinize son vermek zorundayım .,negatif
Yarınki doğum günü partimi düşündükçe heyecandan yerimde duramıyorum.,pozitif
Günün bir kısmını kardeşlerimle geçirmek kadar güzel bir şey yok.,pozitif
En ufak bir olayda anında şiddete başvuran insanlardan haz etmiyorum.,negatif
Biraz önce duyduğum şey hayatımdaki en saçma fikirlerden biriydi.,negatif
Ne olursa olsun yanımda durmaktan vazgeçmediğin için teşekkür ederim.,pozitif
Beklediğim  kadar iyi bir tecrübe edinemediğim için üzgünüm.,negatif
Bugüne kadar yapmış oldukların arasında en berbat olanı buydu.,negatif
Gittiğimiz ormanda kırk dört tane böcek türü ve yüz tane ağaç türü olduğunu öğrendim.,nötr
Onun açısından düşününce bunun faydalı olacağını düşünmüyorum.,negatif
Onunla gözgöze geldiğimde nedenini bilmediğim bir şekilde donup kalmıştım.,negatif
Yarın sabahki uçuşumuz için akşamdan eşyalarımı toplayıp bavula yerleştirdim.,nötr
Mahsur kaldığımız orman zifiri karanlık ve çok tenha bir yerde  olunca arkadaşım korkudan bayıldı.,negatif
Gideceğimiz yerde çok rahat bir şekilde yaşayabileceğimiz için bizden mutlusu yok.,pozitif
Başladığın bir işi bu kadar kusursuz yapılabileceğini hiç hayal etmemiştim.,pozitif
Durduğumuz dinlenme tesisi muhteşem bir manzaraya sahipti .,pozitif
Böyle bir durumla tek başına başa çıkabileceğini düşünmek akıl karı değildi.,negatif
Ailem yanımda olduğu sürece sırtımın yere gelmeyeceğini biliyorum ve seviniyorum.,pozitif
Annesi çocuğunun kötü bir şey yaptığını düşünmediği için onu uyarma gereği duymadı.,pozitif
Gelecek ay yapacağımız dağ tırmanışında  bize babam öncülük edecek.,nötr
Başımdan geçen onca olaya rağmen iyi düşünmeye çalışıyorum.,pozitif
İnsanların bana dik dik bakması  beni çok rahatsız ediyor .,negatif
Günün sonunda yine ben kazanmış olacağım için hiç olmadığım kadar mutluyum .,pozitif
Her gün belirli saatlerde hangi ilaçları almam gerektiği bilgisi doktorum tarafından anneme iletilmiş.,nötr
Yaptığı hatayı telafi etmek için bu kadar çabaladığını görünce onun hakkında düşüncelerim iyi yönde değişti.,pozitif
Hayatımda bir şeylerin yolunda gitmesi için daha ne kadar çabalamam gerektiği hakkında hiçbir fikrim yok.,negatif
Gün geçtikçe aramızdaki ilişkinin daha da büyümesi  beni hiç olmadığım kadar mutlu ediyor.,pozitif
Bu hafta arkadaşlarımızla bütün çalışmalarımızı belirli saatlerde belirli mekanlarda yapacağız.,nötr
Bilgisayarımı tamire götürmek için  sabahın erken saatinde evden çıktım.,nötr
Uzmanlar yarınki gerçekleşecek olan tören için ne yapılması gerektiğini bize söylediler.,nötr
Kedilerin tırnakları kaşındığı için eşyaları tırmaladığını biliyor muydunuz?,nötr
Yemek yapmak için tarif bilgilerini not alıp üzerinde değişiklikler yaparak ilerlerim.,nötr
Güvendiğim kişilerle birlikte olunca hiçbir şüphe duymadan istediğim yolda yürümeye devam edebiliyorum.,pozitif
Sayısal analiz dersinin final sınavından 80 puan alıp dersi geçtiğim için çok mutluyum.,pozitif
Bu yıl da geçen seneki gibi elemeleri geçip mülakata gireceğim için çok hevesliyim.,pozitif
Bu sene baharda havalar çok güzel olduğu için her hafta sonu pikniğe gittik.,pozitif
Bugün ilk dersimiz beden eğitimi olduğu için kendimi enerjik hissediyorum.,pozitif
Bu hafta sonu girdiğim ehliyet sınavı çok iyi geçtiği için yarın akşam arkadaşlarımla kutlama yemeğine çıkacağız.,pozitif
Bu sene Haziran ayında üniversiteden mezun olacağım için çok sevinçliyim.,pozitif
Bu hafta pazar günü ailemle birlikte kahvaltıya çıkıp keyifli bir gün geçirdik.,pozitif
Ayşe geçen sene gittiği ingilizce kursu sayesinde erasmus sınavını kazandı.,pozitif
Mahalledeki çocuklar okullarının bahçesine park yapıldığı için çok sevinçli görünüyorlar.,pozitif
Bugün kedisinin 3 yaş doğum gününü kutlarken yeni kedi sahipleneceği haberini duyurduğu için çok mutluydu.,pozitif
Düğünde giydiği siyah elbise onun üzerinde çok büyüleyici görünüyordu.,pozitif
İrem 23 Nisan Ulusal Egemenlik ve Çocuk Bayramı için yazdığı şiiri coşkulu bir şekilde okudu.,pozitif
Nazlı Kemal'in evlilik teklifi için aldığı çiçekleri ve yüzüğü çok beğendiğini söyledi.,pozitif
Geçen sene yazın ailem ile birlikte gittiğimiz Demet Akalın ve Hadise konseri muhteşemdi.,pozitif
Üstün başarılarından dolayı bu sene de ödül aldığı için kardeşi Fatma ile gurur duyuyordu.,pozitif
Yeni sahiplendiği kedinin sağlıklı olduğunu öğrendiğinden beri içi çok rahatladı.,pozitif
Şirketteki başarılarından dolayı Alperen'e onur ve başarı belgesi takdim edildi.,pozitif
Sonunda ingilizce kursunun sınavında başarılı olup bir kur daha atlayabildiği için çok sevinçliydi.,pozitif
Bu sene yapacakları projenin sonunda para ödülü verilecek olması onları motive etti.,pozitif
Okul hayatı boyunca başarılı bir öğrenci olup hep takdir belgesi almış.,pozitif
Yaptığı ilk iş başvurusu kısa sürede kabul edilince sevinç çığlıkları atmaya başladı.,pozitif
Ali bu sene ilkokul 1. sınıfa başlayacağı için çok heyecanlıydı.,pozitif
Bu yıl doğum gününde hediye ettiğim beyaz elbiseyi çok beğendiğini söyledi.,pozitif
Tatilde kaldığım 5 yıldızlı otelin balkonunun manzarasının güzelliği hala aklımdan çıkmıyor.,pozitif
Geçtiğimiz yıl Ekim ayında bahçesine diktiği tüm fidanlar tuttuğu için çok mutlu.,pozitif
Prison Break bugüne dek hayatımda izlediğim en kötü senaryolu diziydi.,negatif
Mehmet hasta olduğu için annesi bu hafta okula gelemeyeceğini söyledi.,negatif
Ayşe bu sene kayak yaparken ayağını kırdığı için olimpiyatlara katılmayacak.,negatif
Derslerine çalışmayıp sınavda dereceye giremediği için bütün gün çok ağlamış.,negatif
2020 yılında korona virüs hastalığı başladığı için hiç güzel bir sene değildi.,negatif
Çocukken mutfakta yaşadığım talihsizlikten dolayı yemek yapmayı hiç sevmiyorum.,negatif
Yeni evine taşınırken çalışma masası kırıldığı için çok üzgün görünüyordu.,negatif
Çalıştığı fabrikada patronu kötü davrandığı için bu hafta istifa dilekçesini verecekmiş.,negatif
Beyza bu hafta kar yağışı hiç durmadığı için iş seyahatine çıkamadı.,negatif
Kuzenim yeni aldığı bisikleti sürerken taşlı yollarda dengesini kaybedip düşmüş.,negatif
Bütün çocuklar babası ve annesi tartıştığı zaman bundan kötü etkilenip üzülür.,negatif
Üniversite yemekhanesindeki yemeklerin içinde çok fazla tuz olduğu için bugün kimse yemek yiyemedi.,negatif
Köydeki çiftçiler bu yıl kuraklıktan dolayı hasatın çok kötü geçtiğini söylediler.,negatif
İzmir'de çalıştığı dönemde geçirdiği trafik kazası sonucu amcam vefat etti.,negatif
Kötü hava koşullarından dolayı İstanbul Sabiha Gökçen havalimanındaki tüm uçuşlar iptal edildi.,negatif
Kardeşim bu hafta içi girdiği futbol müsabakasını kaybettiği için çok ağladı.,negatif
Geçtiğimiz hafta yağmurlu havada yürüyüşe çıktığı için üşütüp hasta oldu.,negatif
İnternetten sipariş verdiğim ürün bir haftadır kargoya verilmediği için siparişi iptal etmek zorunda kaldım.,negatif
Bu sene İzmir'de olan depremde binaların temelleri sağlam olmadığı için yıkılmış.,negatif
Kaldığım yurtta soğuk havalarda kaloriferleri açmadıkları için hasta oldum ve okula gidemedim.,negatif
O projelerde etkin olarak rol üstlenen bir öğrenci olmadığı için düşük not aldı.,negatif
Kütahya'da kaldığımız zaman yemekhanede yediğimiz yemeklerden zehirlendik ve hepimiz hasta olduk.,negatif
Ayşe ikinci kez korona virüs hastalığına yakalandığı için çok mutsuzdu.,negatif
Merdivenlerden inerken dengesini kaybedip yere düştü ve maalesef ayağı kırıldı.,negatif
Akşam yemeği için vermiş olduğum yemek siparişim çok geç geldiğinden dolayı yemekler soğumuştu.,negatif
Gelecek sene Mayıs ayında arkadaşım Aybüke ile Londra'ya gitmeyi planlıyoruz.,nötr
Annemlerde bu mahallede iki sokak arkamızdaki pembe evde oturuyorlar.,nötr
Haftaya pazartesi iş görüşmesine giderken mavi takım elbisemi giymeyi planlıyorum.,nötr
Yarın öğleden sonra gerçekleşecek olan KPSS sınavına kendi arabamla gideceğim.,nötr
Bu akşam yemeğini yemek sepeti uygulaması ile dışarıdan sipariş vereceğim.,nötr
Yarın Bursa'da gerçekleşecek olan duruşmaya giderken siyah takım elbisemi giyeceğim.,nötr
Bu haftasonu Trabzon'a yapacağım seyahate İstanbul'dan uçakla gitmeyi düşünüyorum.,nötr
Oğlumla birlikte haftalık market alışverişi için Kaplıkaya'daki Özdilek markete gideceğiz.,nötr
Okula giden ve sınava hazırlanan her öğrencinin derslerine düzenli olarak çalışması gerekiyor.,nötr
Bu hafta yeni taşındığım ev için İnegöl'e mobilya seçmeye gideceğim.,nötr
Ahmet arkadaşı Ali ile beraber üniversiteyi okudukları şehirde aynı evde kalıyor.,nötr
Bu yaz Fethiye'de gittiğim tatilde dalgıç denizin 20 metre altına kadar dalabildiğini söyledi.,nötr
Ankara Türkiye Cumhuriyeti'nin başkentidir ve iç anadolu bölgesinde yer almaktadır.,nötr
Üniversitenin yemekhane menüsünde bugün tavuklu pilav ve süt helvası varmış.,nötr
O hafta içi her gün saat 8 de iş için evden çıkıp otobüse biniyor.,nötr
Her hafta salı ve perşembe günleri okulun yanındaki spor salonuna spor yapmaya gidiyor.,nötr
Zeynep ders çalışmak için her hafta sonu okulundaki kütüphaneye gidiyormuş.,nötr
"Annem bu akşamın menüsünde domates çorbası, balık ve salata olduğunu söyledi.",nötr
Babam bu model arabaların hepsinin renginin siyah ve beyaz olduğunu söyledi.,nötr
Bursa şeftalisi ve kestanesi ile Malatya'da kayısısı ile ünlü bir şehirdir.,nötr
O hafta içi her sabah mahalledeki dükkanını 7 de açtığını söyledi.,nötr
Yurttaki oda arkadaşım iş görüşmesi için bu hafta sonu Ankara'ya gitti.,nötr
Alperen çocukluğundan beri her rüzgarlı havada uçurtma uçurmaya çıktığını söyledi.,nötr
Okula yeni atanan öğretmenimiz ikinci matematik sınavımızda test soruları soracağını söyledi.,nötr
Yarın akşam okuldan arkadaşlarla buluşup Çiçek kafeye kahve içmeye gideceğiz.,nötr
Geçen yıl doğum gününde iki arkadaşının birlikte aldığı çanta çok güzeldi.,pozitif
Bu kitap son zamanlarda okuduğum en güzel ve etkileyici kitaptı.,pozitif
Yetenekli olduğu için ilkokul öğretmeninin yönlendirmesiyle severek resim çizmeye başlamıştı.,pozitif
İstediği bölümü kazanmış olduğu için okulun açılmasını dört gözle bekliyordu.,pozitif
Gökyüzündeki uçakları izlerken hayal kurmak bugünlerde en çok sevdiği şeydi.,pozitif
Ailesine göre sesi güzel olduğu için şarkı söylemeyi çok seviyordu.,pozitif
Babasının da dediği gibi birkaç günlük tatil fikri fena değilmiş.,pozitif
Buradaki anılarından uzaklaşmak hepsine çok iyi gelecektir.,pozitif
Yıllardır o çok istediği motorsikleti karşısında görünce sevinçten havalara uçtu.,pozitif
Bugün olduğu gibi yağmurlu havalarda yürüyüş yapmak hep iyi geliyordu.,pozitif
Doğum gününde sevdiklerinin kendisine aldığı hediyeleri gerçekten çok beğenmişti.,pozitif
Onun şu güne kadar yapmış olduğu en güzel yemek buydu.,pozitif
Murat yaşadığı son şeylerden sonra artık halinden gayet memnundu.,pozitif
Yıllardır almayı çok istediği kemanı sonunda aldığı için mutlu olmuştu.,pozitif
Sesi o kadar güzeldi ki dinleyen herkesi sesiyle büyülemeyi başarmıştı.,pozitif
Tuttukları takım şampiyon olunca taraftarların yaşadığı sevinç tarif edilemeyecek kadar büyüktü.,pozitif
Okula gelmeden önce aldığı güzel haber ile artık içi içine sığmıyordu.,pozitif
Geçen gün beğenerek aldığı kırmızı montu ona gerçekten çok yakışmıştı.,pozitif
Aldığı haberle birlikte parlamaya başlayan yeşil gözleri mutluluğunu belli ediyordu.,pozitif
Çok sevdiği bir arkadaşının almasıyla birlikte orkide artık en sevdiği çiçekti.,pozitif
Müzik dinleyerek yemek yapmak uzun zamandır hobileri arasında bulunuyordu.,pozitif
Birkaç gündür hasta olduğu için okula gelmeyen arkadaşının geleceğini duyunca sevindi.,pozitif
Geçen gün kırılan vazonun yenisi ile değiştirilmiş olduğunu görünce gülümsedi.,pozitif
Defne yapılan bu güzel sürpriz karşısında heyecandan ne diyeceğini şaşırmıştı.,pozitif
Buradaki herkesin yardımıyla kısa sürede büyük bir ailesi olduğu için mutluydu.,pozitif
Bu sefer yaptığı yemek daha önce yaptıkları kadar güzel değildi.,negatif
Böyle bulutlu havalarda dışarı çıkmak ya da bir şey yapmak içinden gelmiyordu.,negatif
Üşüyen ellerini soğuktan korumak için taktığı eldivenlerini nereye koyduğunu bilmiyordu.,negatif
Arkadaşı; yıllardır kullandığı ve onun için değerli olan kalemi kaybetmişti.,negatif
İnsanların sürekli ona yalan söyleyip bir şeyler saklamasından nefret ediyordu.,negatif
Ailesinden ayrılıp üniversite okumak için geldiği bu şehirde çok yalnızdı.,negatif
Bu yarışmada çizdiği resim şuana kadarki en iyi çalışması değildi.,negatif
"Yapmak isteyip de yapmaya fırsat bulamadığım çok şey var,dedi.",negatif
Henüz ehliyeti olmadığı için araba kullanamıyor oluşu onu gerçekten üzüyordu.,negatif
Son yaşananlardan sonra burada olmak kendini kötü hissetmesine sebep oluyordu.,negatif
Onu hiçbir şey olmamış gibi karşısında görünce öfkeden deliye döndü.,negatif
Bu yaptığı şey onun için elinden gelenin en iyisi değildi.,negatif
Uzun zaman sonra birlikte gittikleri yerde güzel vakit geçirmiş sayılmazdı.,negatif
Bu konudaki davranışları diğerlerinin aksine hiç yaşına göre uygun değildi.,negatif
Durumun iyi olacağına dair küçük bir umudu dahi yoktu artık.,negatif
Okula gelirken giydiği mavi gömlek ile hiç de iyi görünmüyordu,negatif
Ödeve başlarken sonrasında neler yapması gerektiğini düşünmek bile istemiyordu.,negatif
İki yıl önce gittiği konsere göre bu yılki konser iyi bile değildi.,negatif
Sipariş ettiği kitaplar baskısı olmadığı için bir ay geç geldi.,negatif
Çalan şarkı ile birlikte aklına gelenler yüzünden gözleri dolmuştu.,negatif
Evden gelen sesler ile birlikte hırsız girdiğini düşünüp çok kokrmuştu.,negatif
Babasının bu doğum gününde aldığı oyuncak araba öncekiler kadar iyi değildi.,negatif
Hep birlikte gideceğimiz müze gezisinin salgın nedeniyle iptal olması bizi üzdü.,negatif
Begüm ablasıyla birlikte izlediği filmden çok etkilenmiş günlerce ağlamıştı.,negatif
Gün geçtikçe hayata dair umutlarının artık tamamen tükendiğini düşünüyordu,negatif
Uzun zaman sonra tatili ailesi ile birlikte geçirmeye karar vermiş.,nötr
Dersi olmadığı için tüm günü evde dinlenip film izleyerek geçirdi.,nötr
Gelecek yıl okuldan birkaç arkadaşım ile birlikte yurtdışına çıkmayı düşünüyoruz.,nötr
Ali pazar günü hariç haftanın her gün işe yürüyerek gidiyordu.,nötr
Dersten önce uyuyakalmamak için iki fincan sade kahve içip uyanmaya çalıştı.,nötr
Sonbaharın gelmesiyle birlikte sokaklar sararıp dökülen ağaç yapraklarıyla kaplandı.,nötr
Evinin önünden geçen siyah arabaları teker teker sayarak zaman geçiriyordu.,nötr
Sude ilk başvuru yaptığı şirkette gelecek ay işe başlayacağını söyledi.,nötr
Bora arkadaşlarının isteği üzerine her zamanki gibi şarkı söylemeye başladı.,nötr
Kalabalık salonda arkadaşının onu görmediğini anlayınca ayağa kalkarak el salladı.,nötr
Nazlı uzun zaman sonra haftasonunu arkadaşıyla birlikte dışarıya çıkıp dolaşarak geçirmişti.,nötr
Gökhan yarın geçen ay başvurduğu şirkette mülakata gidecekmiş,nötr
Yarın sabah arkadaşlarıyla birlikte sahilde kahvaltı yapmak için buluşacağını söyledi,nötr
Babası her sabah erkenden işine gitmeden önce Aydın'ı okula bırakıyordu.,nötr
Baloya giderken takım elbisenin altına giyeceği ayakkabıyı almak için dışarı çıktı.,nötr
Kuşları Cesur ile İncir'e aldıkları yeni kafesi sprey boya ile boyamışlardı.,nötr
Türk Yıldızları'nın bugünkü gösteri uçuşuna gitmek için okuldan erken çıkmış.,nötr
Alp iş çıkışında arkadaşıyla beraber sinemaya gideceğini belirten mesaj atmış.,nötr
Hilal ailesinden ayrı yaşayacağı yeni evi için mobilya bakmaya gitti.,nötr
Bu yılki ödül töreninde lacivert bir takım elbise giymeyi düşünüyor.,nötr
Gül iki yıl sonra geldiği evi baştan sona tertemiz yaptı.,nötr
Gizem geçen yılki mezuniyetine giderken koyu mavi bir elbise giymişti.,nötr
Savunmasını yapmak için hazırladığı tez ile birlikte okula gitti.,nötr
Haftalık deneylerini yapmak için sınıfça kimya laboratuarına inmeleri gerekiyordu.,nötr
Osman sınav sonucunu öğrenmek için otobüs ile arkadaşının yanına gitti.,nötr
Kendimdeki ve etrafımdaki olayları gün geçtikçe daha iyi anlamaya başlıyorum,pozitif
"Bazıları müzik dinlemekten, bazıları da resim yapmaktan hoşlanır.",pozitif
Bu akşam Ahmet ve Selin ile dışarıda meyhaneye gideceğiz.,pozitif
"Enver bey, projemiz hakkında sizi detaylı olarak bilgilendirecek",pozitif
Dün akşam babamla birlikte harika bir kovboy filmi izledik,pozitif
En zor anında insanın yanında olan ailesi ve dostlarıymış,pozitif
Aklımda nicedir gerçekleştirmek istediğim birçok hayal var.,pozitif
İnan ben de çocukluğumun geçtiği sokakları çok özledim,pozitif
Öğretmenin sorduğu tüm sorulara doğru yanıt verdi,pozitif
"Önce arabanın ruhsatını verdi, sonra parayı alıp anahtarı verdi.",pozitif
"Freelance yaparak ""Digital Nomad"" olmak istiyorum",pozitif
İki gün sonra benim maaş hesabıma yatmış olacak ondan sonra gezmeye gidebiliriz,pozitif
Yarın Charlotte Cardin konseri olacak beraber gidelim,pozitif
3D yazıcı alıcak param var artık,pozitif
Arkadaşlarla bu akşam toplanıp FRP oynadık,pozitif
Bugün fransızcada kendimi biraz daha geliştirdiğimi hissediyorum,pozitif
Artık yurtdışına çıkabilecek param var ve ilk olarak İtalya'ya gideceğim,pozitif
Artık havalar baya ısınmaya başladı kış bitmiş gibi,pozitif
Seni mutlu görmek beni mutlu ediyor,pozitif
Kedim kanserini atlattı artık rahatlayabiliriz,pozitif
Bu akşam baya lezzetli ve doyurucu bir yemek yedik,pozitif
Erasmusa seçilmişim diğer dönem Almanya'da okuyacağım ,pozitif
Su samurları aşırı tatlı hayvanlar,pozitif
Dün Ramstein yeni teklisi çıkmış ve aşırı güzel olmuş.,pozitif
Yeni bir hobi edindim o da figür tasarımı.,pozitif
Sağ ayağıma artık düzgün basamıyorum.,negatif
Maaşım artık bana yetmemeye başladı,negatif
Bana sorarsan bu problemi öğretmen dahi çözemez,negatif
3D yazıcımın ucunda arıza çıktı artık düzgün çalışmıyor,negatif
Senin kitabını almak istemiyorum bana hitap etmiyor.,negatif
Trafik tıkandığı için vaktinde yetişemeyeceğim,negatif
Pazardan aldığım meyveler ne kadar lezzetsizmiş,negatif
Onun büyük sorun yaşamasına neden olan hastalığı sebebiyle çok fazla mutsuzdum,negatif
Bu bölgede misafir olabileceğimiz tek bir ev bile yoktu.,negatif
Bu beli bükük yaşlı adam aslında düşündüğünüz haklı değildi,negatif
Fransızca çalışmaktan hiç zevk almıyorum,negatif
Dün akşam televizyonda çıkan filmden hiç zevk alamadım,negatif
Bu kitaptaki ana karakterin babası çok itici bir insan,negatif
Dünkü konser baya sıkıcıydı,negatif
Sabah yaptığım yemeği sevgilim hiç beğenmedi,negatif
Dün arkadaşım arabası ile kaza yapmış,negatif
Aldığım buzdolabı bu sabah bir anda sessizleşip bozuldu,negatif
Ankaranın yolları çok taşlıymış,negatif
Bu akşamki planımız iptal olmuş,negatif
Spordayken belimi sakatlamışım artık düzgün kalkamıyorum,negatif
Ödevi yaparken artık elim ağrımaya başladı ,negatif
Malesef yarın gelemeyeceğim babam hastalandı,negatif
Acaba bu ay sonunu getirebilecek miyim hiç bilmiyorum,negatif
Venom filmi baya kötüymüş,negatif
Dün yemeği yaparken yemeği yakmışım,negatif
Artık burada yaşamak istemiyorum,negatif
Dune'un Sarmal Yayınları ve İthaki'deki çevirmeni aynı kişi.,nötr
Koskoca hikayenin sonu Günhan'ın evinin yakınındaki mezarlıkta bitmesi çok manidar,nötr
Talebe göre bir şey söylemek daha mantıklı olur,nötr
Charlotte Cardin teklisi şarkı listesinde yüksek sıralara yükselmiş,nötr
Kadıköyde bu akşam stand-up gösterisi sekizde başlayacak,nötr
"Hans Zimmer, yakın dostu Christopher Nolan’ın tam 6 filminin müziklerini bestelemiştir.",nötr
Dün akşam babamla birlikte harika bir kovboy filmi izledik,nötr
Bu yaz tatil için Antalya'ya gideceğiz,nötr
"Babam emekli memur, annem ise ev hanımı.",nötr
Dune'u dün arkadaşlarımla beraber patlamış mısır ile izledim,nötr
Fransızca bir latin dilidir.,nötr
Alice Phoebe Lou yeni bir konser rotası oluşturmuş,nötr
"Unity bir oyun motorudur ve film, otomotiv, mimari inşaatlar gibi yerlerde de kullanılır",nötr
Japonya merkezli bir video oyunu geliştirme ve yayımlama şirketidir,nötr
Su samurları İstanbula gelmeye başlamışlar,nötr
Bu akşamki sohbette Enis Bey de katılacak,nötr
Akdenizde sekiz tane il ve yüz dört tane ilçe vardır,nötr
Bursa'nın meşhür yemeği iskenderdir,nötr
Yumurtanın proteinlerini insan vücudu neredeyse hepsini sindirir,nötr
En sevdiğim renk mavidir,nötr
Neapolitian Pizza'nın UNESCO tarafından korunuyordur ,nötr
Bursanın hamur işleri diğer illere göre iyi değildir,nötr
Dün arkadaşlarımla yemek yeme gittik,nötr
Asistan hekimlere aralıksız 36 saat nöbet tutuyorlar,nötr
Yunanistan turistik yerleri bol olan bir yerdir,nötr
Roma İtalya'nın başkentidir.,nötr
"	Koltuğa doğru yürürken masanın üzerindeki fotoğraf dikkatimi çekti, ne kadar da tatlıymışsın!",pozitif
	Dürüst olmak gerekirse benim de kalbim ona karşı boş değil.,pozitif
	Kafamın içinde bu bahsettiğin konulara benzer düşünceler yok dersem yalan olur.,pozitif
	Dün akşam babamla birlikte kovboy filmi izlerken harika vakit geçirdim.,pozitif
	Çiçekleri genel olarak sevsem de papatyayı bir ayrı seviyorum diyebilirim.,pozitif
"	Eskiden öğrenmekte zorlandığım konuyu, bu kurs sayesinde kolayca öğrenmiş oldum.",pozitif
	Geçen cumartesi günü gittiğiniz okulun tanışma partisine çağırsaydın gelmez miydim?,pozitif
"	Sesi duyup sokağa çıkan yaşlılar, iş makinesinin çalışmasını izlerken adeta büyülenmişlerdi.",pozitif
	Telefon uygulamasından söylemiş olduğum yemek düşündüğümden lezzetliydi ve hızlı gelmişti.,pozitif
	Yeni çıkan oyununu aldığı kullanıcı puanları beklenilenden çok daha iyiydi.,pozitif
	Derse yetişmem için yakalamam gereken son otobüsü yakalamayı başardım ve derse yetiştim.,pozitif
	Yazar elinde bulundurduğu bu seriye adeta yeni bir soluk getirmiş.,pozitif
	Elimdeki verilere baktığımda projemizi yaparken başarılı bir yolda olduğumuzu söyleyebilirim.,pozitif
"	Film şirketi, son filmi ile elindeki markayı ne kadar doğru kullanmış.",pozitif
	Marka hakkı sebebiyle açılan davada kendini doğru bir şekilde savunmuş.,pozitif
	Yağmur sonrası dışarıdaki o hava insanın içini ısıtıyor ve insanı mutlu ediyor.,pozitif
"	Yaptığım bazı araştırmalar, beni ilgi alanım konusunda daha da motive etmiş durumda.",pozitif
	Okulumuzu temsil eden takımımız bilgi yarışmasından derece ile ayrılmış bulunmakta.,pozitif
	Anneler günü için aldığım buketi annem çok beğendi ve beni yanağımdan öptü.,pozitif
	Bugün arkadaşlarımla kafenin üst katında oynadığım oyundan fazlasıyla zevk aldım.,pozitif
"	Bir süredir almayı beklediğim bilgisayar indirime girmiş, artık alabilirim diye düşünüyorum.",pozitif
"	Uzun süre ve emek harcadığım projemin son aşamasındayım, başarmama az kaldı.",pozitif
	Kişisel gelişim üzerine gittiğim oturum benim için fazlasıyla yararlı oldu.,pozitif
"	Severek takip ettiğim bir iş adamı, kariyerime etkisi olacak önemli bir yazı paylaştı.",pozitif
	Üniversite zamanı kalmak için tuttuğum evin sahibi ile tanıştım ve kendisi çok nazik biri.,pozitif
	Mezun olduğum lisenin çatı katındaki odada birkaç kişi toplanıp oyunlar oynardık.,nötr
	Gişe rekorları kıran ünlü filmin yapımı yaklaşık olarak bir yıl sürdü.,nötr
	Çocukluğumu anlatan fotoğrafları süsleyen anne ve babam memurlardı ve emekli oldular.,nötr
	Günümüzde sosyal medya global bir etkiye sahip olmuş durumda.,nötr
	Meteorolojiye göre bugün havanın nemli ve sıcak olması bekleniyor durumda.,nötr
	Başarılı olmak için çok çalışmak ve bazı fedakarlıklar yapmak gerekir.,nötr
	1 ve kendisinden başka sayıya bölünmeyen sayılara asal sayılar denir.,nötr
"	Neil Armstrong, Ay’a ayak basmış olan ilk insandır.",nötr
	Elimdeki kitabın Türkçeye çevrilmiş hali de bulunmakta ancak ben orijinalini tercih ediyorum.,nötr
	Dünya’nın ilk çift kameralı cep telefonu Huawei P9’dur.,nötr
	Şairin hayatı boyunca yazdığı şiirlerden sadece beş tanesi bestelenmiş bulunmaktadır.,nötr
	Geometride içerisinde doksan derecelik açı bulunan üçgenlere dik üçgen denilmektedir.,nötr
"	Elinizdeki kıyafetin kırmızı, yeşil ve sarı renkleri de arkanızda bulunmaktadır.",nötr
"	Bir gün içinde borsada belirli değişiklikler yaşandı, kimi hisseler düşerken diğerleri arttı.",nötr
"	Telefonuma baktığımda, sipariş ettiğim elektrikli süpürgenin kargoya verildiğini mesaj yolu ile öğrendim.",nötr
	Sitemizin şifremi unuttum kısmı test edilecek ve sorunsuz çalışıyor olması öngörülüyor.,nötr
"	Herkesin gözlerinin üzerinde olduğu oyun, güncelleme yamasını ekledikten sonra oyunun kapladığı alan arttı.",nötr
	Teams üzerinden iş görüşmesinde bulunduğum şirket bana birkaç gün içinde döneceklerini söylediler,nötr
	Covid hastası insan sayısında geçtiğimiz aya oranla %5lik bir düşüş yaşandığı belirtildi.,nötr
	Balkanlardan gelen soğuk hava dalgası sebebiyle meteoroloji birkaç gün içinde havaların soğuyacağını bildirdi.,nötr
	Tamir için bilgisayarımı kargo ile gönderdim ve bir hafta içerisinde elime ulaşmış oldu.,nötr
"	Görünen o ki, Z kuşağının içine doğduğu teknoloji hayatımızı değiştirmeye devam ediyor.",nötr
"	Seçtiğiniz menü için büyük, orta, küçük olmak üzere üç seçenek bulunmakta.",nötr
"	Şairin yazdığı şiire, besteci olarak çalışan kişi farklı bir yorum getirmiş.",nötr
"	Atasözleri ve deyimler birbirlerinden kolayca ayırabileceğiniz özelliklere sahiptir, birkaç istisna bulundurmakla beraber.",nötr
"	Küçük kardeşimle birlikte oyun oynarken kardeşim beni ittirdi, vazo kırıldı.",negatif
"	Dün gece yağmur yağdığı için yerler ıslanmıştı, dolayısıyla parka gidemedim",negatif
"	Bu problem çok zor görünüyor, bana sorarsan bunu öğretmen dahi çözemez.",negatif
"	Okulun hazırladığı gösteriye, işte oldukları için ne annem ne de babam gelebildi.",negatif
"	Gözlerimin içine bak ve söyle, böyle olmasını ben mi istedim?",negatif
"	Başımıza ne işler açtın sen, çık çıkabilirsen bu işin içinden.",negatif
	Sabah evimden okuluma gelirken otobüste tatsız bir olayla karşılaştım.,negatif
"	Sınıfımdaki Ahmet, projelerde etkin bir rol üstlenen bir öğrenci değil.",negatif
"	Dayım, saatini kurmayı unuttuğu için otobüse yetişemedi ve işe geç kaldı.",negatif
"	Telefon uygulamasından söylemiş olduğum yemek, uygulamada yazan süreden geç geldi.",negatif
"	Yeni çıkan oyununu aldığı puanlar gösteriyor ki, beklentiyi karşılayamamış durumdalar.",negatif
	Dediklerine bakacak olursak ağzından çıkanı kulağın duymuyor olmalı haksız mıyım?,negatif
	Telefonumun şarjı eve gidene kadar dayanamadı ve şu an kimseyi arayamıyorum.,negatif
	Yarın için olan ödevimi yaparken elektriklerin kesilmesi sebebiyle ödevimi yetiştiremeyeceğim.,negatif
	Alışveriş sitesinden siparişini verdiğim tekerlekli sandalye yine zamanında bana ulaşmayacak.,negatif
	Çok sevdiğim bir yakın dostumla ettiğimiz tartışma sonucu birbirimize küstük.,negatif
"	Kardeşim ders çalışırken beni sürekli rahatsız ediyor, konularımı yetiştirmekte zorlanıyorum.",negatif
"	Çantamdaki su patlamış, defterlerim ıslanmış, notlarım kullanılamaz hale gelmiş durumda.",negatif
	Yemekhane sırasının uzunluğu sebebiyle sıra bana geldiğinde tatlı alamamış oldum.,negatif
	Kullandığım para biriminin değer kaybetmesi sonucu almak için para biriktirdiğim gitarı alamadım.,negatif
	Arkadaşımı ne kadar sevsem de güzel olmayan sesi ile şarkı söylemesi beni rahatsız ediyor.,negatif
	Sokaklarda evsiz insanları görmek beni üzüyor ve gelecek hakkında endişelendiriyor.,negatif
	Kendisi ne kadar iyi bir insan olsa da öfke sorunları var.,negatif
	Kirasını karşılayamayacak hale geldiğim için daha düşük fiyatlı bir ev bulmalıyım.,negatif
	Uzak mesafede oturduğum için sabah erken kalkmak fazlasıyla yorucu oluyor.,negatif
Bu gün çok işim var gibi görünüyor.,Nötr
Masadaki yükseklik sorununu henüz çözememişsin.,Negatif
Bu aralar baya şanssızım sanırım.,Negatif
Bunca yoldan sonra eve neredeyse varamıyorduk.,Negatif
Otobüse binmek beni artık pek de yormuyor.,Pozitif
Açken yemek yiyince enerjimi geri kazanıyorum.,Pozitif
Belirli zamanlarda tatil yapmak herkesin hakkıdır.,Nötr
Rahatlıkla dinlenirken nelerle karşılaşacağını bilmiyordu arkadaşımız.,Negatif
Bir programlama dilini öğnrendikten sonra diğerlerini öğrenmek çok daha kolay geliyor.,Pozitif
Aynı dersi geçen ile düzgünce öğrenen arasında çok fark var.,Nötr
"Kalemimin ucunu değiştirmesi, içindeki mekanik kısım sıkıntılı olduğundan zor oluyor.",Negatif
Bunca çalışma ve emekten sonra nihayet tüm derslerini geçebilmişti.,Pozitif
Hava durumunda da yazdığı gibi bugün hava yağmurluydu.,Nötr
Bilgisayarındaki temizlikten sonra cihazın performansı büyük ölçüde arttı.,Pozitif
"Monitörler temizlenirken dikkatli olunmalı, kenarlarına sıvı kaçırılmamalıdır.",Nötr
Net görebilmek için gözlüğün camını sık sık silmek gerekli.,Nötr
Gitar çalmayı çok istemişti ancak öğrenmesi ona çok zor gelmişti.,Negatif
Botlarımı giyip yağmurlu havalarda yürüyüş yapmak çok sakinleştirici geliyor.,Pozitif
Hava rüzgarlı olduğundan balkon duramayacağımız kadar soğuktu.,Nötr
Kasa bilgisayarlar daha sessiz ve soğuk olsalar da dizüstü bilgisayarları daha çok seviyorum.,Pozitif
RGB ekipmanları sevsem de fazla ışıklar beni çok rahatsız ediyor.,Negatif
Ortalama bir birey çokça film veya televizyon izliyor.,Nötr
Bilgisayar oyunları oynamak toplumca güzel karşılanmıyor.,Negatif
"Anladığım kadarıyla yazılımcılar, yazılımcı kimliklerini seviyor ve benimsiyorlar.",Pozitif
Eğlence sektörü son yıllarca yüksek bir hızda büyüyor.,Nötr
Şirketlerin acımasız politikalarını insanlar sevmiyorlar.,Negatif
Ama yine de son çıkan pahalı ürünleri almayı herkes çok istiyor.,Pozitif
Doktorların asıl değeri acil durumlarda ortaya çıkıyor.,Nötr
İnsanlar sanatsal çalışmalarıın görsellik kısmını severler.,Pozitif
Eski dönemin kıyafetlerı sonraki nesiller tarafından sevilmezler.,Negatif
Tarihi mekanların restöre edilmesi büyük bir önem arz eder.,Nötr
Bazı insanlar fazla hareket gerektiren aktivitelere bayılıyorlar.,Pozitif
Çoğu insan yüksek mekanlarda bulunmayı güvenli bulmaz.,Negatif
"Kişinin dış görünüşü, insanların o kişiye olan bakışını büyük oranda etkiler.",Nötr
Dar sokaklar genelde insanlara güven vermezler.,Negatif
Denizin olduğu şehirler olmadığı şehirlere göre çok daha fazla sevilir.,Pozitif
Tır kullanmak ve yük taşımanın birçok kişi tarafından sevilir.,Pozitif
Orta çağdaki yaşam günümüze göre çok daha acımasızmış.,Nötr
Aksiyon oyun ve filmlerinin halk nazarında kişilere kötü etkisi olduğu düşünülür.,Negatif
Arabalar kadınlardan çok erkekler tarafından ilgi görürler.,Nötr
Bilim kurgu film ve oyunları bazılarına hayal ürünü gibi gelir.,Nötr
Kitap okumak yararlı görülse de çoğu kişi için eğlenceli değildir.,Negatif
Bazı romanların olayları fazla uzatması beni o romandan soğutuyor.,Negatif
Yazılım yazdıkça alınan haz genelde artıyor.,Pozitif
Orta seviye kas bence neredeyse herkesde çok güzel görünüyor.,Pozitif
Rap müziğin bu kadar popüler olmasını hiç anlamıyorum.,Negatif
Kişilerin zevkleri birbirlerinden çok farklı olabiliyor.,Nötr
Küçük ama çok işlevsel alet ve cihazlara hayranım.,Pozitif
FPS oyunları DOOM gibi oyunlarla birlikte yükselişe geçmiştir.,Nötr
Bir yerlere giderken yavaş yürüyen insanları hiç anlayamıyorum.,Negatif
"Kar yağdığında kar taneleri havadaki sesi tutuyor, ve o sessizlik çok hoşuma gidiyor.",Pozitif
Düzenli olarak yürüyüş yapıp hareket etmek sağlığa çok yararlıdır.,Nötr
Yemek sektöründeki zararlı maddeleri bildikten sonra paketli yiyeceklere sıcak bakmıyorum.,Negatif
Gözlük takmak lens takmaya kıyasla çok daha iyi bana kalırsa.,Pozitif
Bazı angarya ödevleri yapmak beni çok sıkıyor.,Negatif
Kütle farklı olsa da yerçekiminden kaynaklı ivme o bölge için sabittir.,Nötr
Evdeki sakinlik ve rahatı başka bir şeye değişmem.,Pozitif
Vaktin değerini yaş ilerledikçe daha çok anlıyoruz.,Nötr
Klavye ile çok hızlı yazı yazmaya bayılıyorum.,Pozitif
Türkçe klavyeyi kodlamadaki özel karakterleri yazması zor olduğundan sevmiyorum.,Negatif
Birçok insanın aksine çok büyük monitörler beni hiç çekmiyor.,Negatif
Bir üründe teknolojik gelişme yoksa genel olarak kalite arttıkça maliyet de artar.,Nötr
Mekanik klavyeler çok ses çıkarmasa da hissiyatlarından dolayı seviyorum.,Pozitif
Yakın zamanda ışık hızına ulaşacak teknolojiye varabileceğimizi hiç sanmıyorum.,Negatif
Mülk fiyatlarının artması toplumun geçinmesini oldukça zorlaştırıyor.,Nötr
İnternet esprileri beni genelde çok güldürüyor.,Pozitif
Bunca ekipmanı taşımak bazen çok yorucu oluyor.,Nötr
Bilgisayarların işleyişini öğrenmek bulmaca çözmek kadar zevk veriyor.,Pozitif
Temizliğine dikkat etmeyen insanları hiç anlamıyorum.,Negatif
Bu ödev neden hala bitmiyor anlayamıyorum.,Negatif
Bir işi bitirme süresi kişiye göre farklılık gösterir.,Nötr
Bu ödev bitince galiba inanılmaz mutlu olacağım.,Pozitif
Su kıtlığı son yıllarda çok büyük bir sorun olmaya başladı.,Nötr
"Uğurböceği hariç çoğu böceği sevmiyorum, hatta neredeyse tiksiniyorum.",Negatif
Sokak hayvanlarının sakin ve umursamaz bakışları çok tatlı geliyor.,Pozitif
Çok uzun bir aradan sonra tekrar ata binecekleri için mutluydu.,Pozitif
Annemin kardeşimin doğum günü için kendi elleriyle hazırladığı pasta şahane gözüküyor.,Pozitif
Yıllardır tuttuğu takımı canlı bir şekilde binlerce insanın arasında izlemek heyecan vericiydi.,Pozitif
Kendi ayakları üstünde durmak isteyen bir kadın olarak bu habere çok sevinmişti.,Pozitif
Konserde en sevdiğim sanatçıyla beraber şarkı söylerken kalbim duracak gibiydi.,Pozitif
İki gün önce gittiğimiz komedi programında resmen gülmekten yerlere yattık.,Pozitif
O küçüklüğümüzden beri hayata hep umut dolu bakan neşeli bir kızdı.,Pozitif
Küvetin içinde sıcak ve köpüklü suda vakit geçirmek iyi geldi.,Pozitif
Sonunda yıllarca verdiği emeğin karşılığını almış hayallari gerçek olmuştu.,Pozitif
Yeni aldığı ekipmanlarını bir an önce kullanmak istiyor heyecandan yerinde duramıyordu.,Pozitif
Son birkaç gündür yaşadığı pozitif olaylar  onu şaşırtıyor ama mutlu ediyordu.,Pozitif
Zamanında ilgilendiği felç hastasının şu anda yürüyebiliyor olduğu gördüğünde mutluluktan göz yaşlarını tutamadı.,Pozitif
Telefonunu apartmanın ikinci katından düşürmüş ama çizik dahi olmadığını görünce rahatlamıştı.,Pozitif
Matematik testini full doğru yapan tek kişi olduğunu öğrendiğinde gururlandı.,Pozitif
Babası karne hediyesi olarak çok istediği bisikletini aldığını öğrenince keyfi yerine geldi.,Pozitif
Havadaki fırından yeni çıkmış ekmek kokusu insanın içini huzurla dolduruyor.,Pozitif
Okulun ilk günü ilkokullu çocukların cıvıl cıvıl neşesi ve sıcak güneşli hava ile hoş bir gündü.,Pozitif
Uzun süredir görmediğim babamı havalimanında bana güleryüzle bakarken görünce koşup sarıldım ona.,Pozitif
Anneannemin yaptığı çikolatalı bisküvili tatlı son zamanlarda yediğim en leziz şeydi.,Pozitif
Bu aralar pek boş vaktim olduğundan dilediğim diziyi keyifle izleyebiliyorum.,Pozitif
Derbide son saniye gelen gol tüm taraftarı büyük bir sevince boğdu.,Pozitif
"Onunla çok ortak noktamız var, sohbetlerimiz keyifli geçiyor açıkçası.",Pozitif
İki şirkette yaptıkları ortak anlaşmadan dolayı toplantıdan memnun ayrıldılar.,Pozitif
Bu tarz pozitif hayata olumlu bakan şarkılar dinlediğimde enerjim yükseliyor daha iyi hissediyorum.,Pozitif
"O gün yaşadığım en güzel gündü, doğum günü pastam, hediyeler, arkadaşlarım hepsi benim için oradaydı.",Pozitif
Şehir dışında üniversite okumak için ailesinden ayrılacak olmak onu üzüyordu.,Negatif
Bir süredir planlarım yolunda gitmiyor ard arda şanssız olaylarla karşılaşıyorum.,Negatif
"Sınavlardan istediği notları alamamış, emeklerinin karşılığını görmemiş olmanın burukluğu vardı üzerinde.",Negatif
Çok küçük yaşta ailesini kaybetmiş maddi manevi zor bir çocukluk geçirmişti.,Negatif
O çocuğun kinci ve şımarık tavırlarından hoşlanmadığımı sana kaç defa söyledim.,Negatif
Gece yarısı gençlerin sokaktaki bağrışmalarını duyan yaşlı adam sinirle homurdanarak yatağından kalktı.,Negatif
Yarışma sonucunda ilk üçe giremeyen yarışmacı teselli ödülüne ağlayacak gibi bakıyordu.,Negatif
Karanlık ormanda ilerlerken çevreden gelen uluma sesleriyle iyice gerilmişti.,Negatif
Saatlerdir sınav kağıtlarını okumaktan yorulmuş okuma gözlüğü artık canını yakmaya başlamıştı.,Negatif
Bir yıldan fazladır beslediği sokak köpeklerinin toplandığını duyduğunda hüngür hüngür ağladı.,Negatif
Doktor covid testinin pozitif çıktığını söylediğinde kendini bir an çok kötü hissetti.,Negatif
Ben de bu durumdan pek memnun değilim ama elimizden bir şey gelmez.,Negatif
Düşünce dizi kanamaya başlayan çocuk acısına dayanamayıp ağlamaya başladı.,Negatif
Oynadığı kumarda son anda kaybedince kendini dünyanın en şanssız insanıymış gibi hissetti.,Negatif
Otobüsü kaçırınca toplantıya yetişmek için taksiye binip fazladan para vermesi gerektiğinden sinirlenmişti.,Negatif
Ayrıca belirtmeliyim ki ülke ekonomimizin bu kadar kötü olması beni de üzmüyor değil.,Negatif
Yeğenimin gece köpek saldırısına uğraması ailedeki herkesin keyfini kaçırdı.,Negatif
Evin tadilat işlerinin birkaç gün daha süreceğini öğrenince yüzü düştü.,Negatif
Bu tarz olayları bu kadar sık yaşamak onu yormuş ve bıktırmıştı hayattan.,Negatif
Bir anda hızla geçen motor küçük çocuğu korkutmuş ve ağlamasına sebep olmuştu.,Negatif
Eşyalar taşınırken ailenin küçük çocuğunun klavyesi kırılmış suratı beş karıştı.,Negatif
Yorucu günden sonra koltukta uyuyakalmış gördüğü kabusun etkisiyle ter içinde çığlıkla uyandı.,Negatif
Bir önceki işinde geçirdiği zor zamanlar onda derin yaralar bırakmış.,Negatif
Verdiğim siparişin geç gelmesi yetmezmiş gibi gelen yemekler birbirine karışmış ve soğumuştu.,Negatif
Bir buçuk yıldır üniversite sınavına hazırlanıyor olmasına rağmen kendiniz hazır hissetmiyor.,Negatif
Dün akşam verdiğimiz siparişler tamı tamına kırk beş dakikada elimize ulaştı.,Nötr
İki haftadır okulun kütüphanesinden ödünç aldığım Taht Oyunları isimli kitabı okuyorum.,Nötr
"Düzenli uyku, beslenme ve spor sağlıklı bir yaşamın olmazsa olmazlarındandır.",Nötr
"Sunucu, elektronik cihazların fiyatlarının son zamanlarda bir hayli yükseldiğini belirtti.",Nötr
"Yarın pazardan sebze, meyve ve oğlum için iç çamaşırı almam gerekiyor.",Nötr
Yarım kalmış resimler odanın bir köşesinde sessizce tamamlanmayı bekliyorlar.,Nötr
Kolunu sağa sola sallayıp lüks saatine bakarak saatin öğleden sonra iki olduğunu söyledi.,Nötr
Yarın ehliyetini almak için sabah erkenden sürücü kursuna gitmesi gerekiyor.,Nötr
Haftaya Perşembe liseden arkadaşlarıyla Ankara'da buluşacak.,Nötr
Akşam edebiyat öğretmenim gelecek ve önümüzdeki sınav için soru çözüp ders çalışacağız.,Nötr
Kıyafetlerimi ve çoraplarımı haftada bir yıkamalısın ki odan ve dolabın kokmasın.,Nötr
Sabah 08.00'deki derse geç kalmamak için erkenden odasına yatmaya gitti.,Nötr
Bu projede başarılı olmak için düzenli ve sıkı bir şekilde çalışmak gerekiyor.,Nötr
Annesi her sabah uyandığında yatağını toplaması ve yüzünü yıkaması gerektiğini öğretmeye çalışıyordu.,Nötr
Arka odada loş ışıkta yaklaşık üç saattir elindeki kapkalın kitabı okuyor.,Nötr
Yurdun kapıları 23.45'te kapandığından o saatten önce varmış olmam gerekiyor.,Nötr
Hayvanat bahçesinde bir tarafta aslan kükremesi bir taraftan fillerin sesi geliyordu.,Nötr
Havadurumu haberlerinde spiker yarın havanın kapalı ve yağmurlu olacağını söyledi.,Nötr
Spor spikeri haftaya olacak Fenerbahçe-Galatasaray derbisinin çok çekişmeli geçmesini beklediğini belirtti.,Nötr
"Evimle okul arası iki kilometreden biraz fazla, her gün bir saat yürüyorum.",Nötr
Bir süredir kullanmadığımdan metro kartımı Nilüfer'de vizeletmeye gitmem gerekiyor.,Nötr
İlk gittiğim sinema Karayip Korsanlarıydı ve kuzenlerimle beraber gitmiştik.,Nötr
Ben sucuklu pizzayı daha çok severken kardeşimin tercihi bol yeşillikli olandan yana oldu.,Nötr
Ben bilgisayarımı birkaç yıl önce aldığımda şu andaki fiyatından daha ucuzdu.,Nötr
Hayatımda bir noktada yurt dışında projeler yapmak ve orda yaşamak istiyorum.,Nötr
Bazı insanların hala makineleşmemiş olması beni mutlu ediyor.,Pozitif
Bu pis dünyada insan görmemiş ormanların güzelliği güneşin doğmasını sağlıyor.,Pozitif
Siyah beyaz dünyama rangarenk gökkuşakları getiren yol arkadaşımla evleneceğim.,Pozitif
"Bir çocuğun anne sevgisi gibiydi benim sevgim, hiç bitmezcesine.",Pozitif
Önümüzdeki aydan itibaren %25 zam alacağım için çok mutluyum.,Pozitif
İnsanların toplumsal yerine bireysel farkındalıklarını keşfetmeleri sevindirici bir gelişme,Pozitif
"Kadın ile erkekler elbette eşit değiller, erkeklerin böyle muhteşem varlıklara karşı hiç şansı yok",Pozitif
Bana verilen bu hayatı seninle paylaştığım için minnettarım.,Pozitif
"Halamın yaptığı Afrika örgüsüne resmen bayıldım, sırada dövme var .",Pozitif
"Öyle güzel gözleri var ki orda kayboluyorum, tüm dünya blurlanmış ve tek gördüğüm o gözler.",Pozitif
"Bahçemizdeki dişi köpek bu sabah doğum yaptı, yavruları çok tatlılar.",Pozitif
Bu devirde Rover'dan anlayan eli düzgün bir usta bulmak büyük nimet.,Pozitif
"Bir hayalim var gözlerinde saklı, her an aklımdasın ceylan gözlüm.",Pozitif
Yazdığım kitabın bu genç arkadaşıma yol göstermesi kadar güzel bir his yok şu anda.,Pozitif
"İstanbul demek ha, böyle bir güzellik için yazılanlar yetersiz bile.",Pozitif
Bu yıl yapılmasını beklediğim motor festivali şehrimde yapılacak.,Pozitif
Bu yıl yapılan bilek güreşi turnuvasını 2. olarak tamamladım ve Avrupa turnuvasına hak kazandım.,Pozitif
Zamanında yaptığım fedakarlıklar karşılıklarını vermeye başladılar.,Pozitif
Yaptırdığım dövmeleri çevremdeki herkes çok beğendiğini söyledi.,Pozitif
Pazartesi günü benimle kulübe gelmeyi kabul etti.,Pozitif
Kayınpederim kızına olan sevgim ve saygımdan ötürü bana şirket hisselerinden pay verdi.,Pozitif
Sonunda hep düşlediğim tekneyi artık bu ay gidip alacağım.,Pozitif
Son yapılan transferler sayesinde taraftarın sevgisini tekrar kazandık.,Pozitif
Bugün dostlarım en sevdiğim masa oyunu olan 101'e davet ettiler beni.,Pozitif
Çiçekçiden aldığım laleleri eşim çok beğendi çünkü en çok sarı rengini sevdiğini biliyordum.,Pozitif
"Onun yaşamının yokuş aşağı gittiği yıl, benimki de yokuş aşağı gittti.",Negatif
"21 yaşımda canlılığımın tükenmişliğinde, hala yaşıyorum ama üç adım önümü göremiyorum.",Negatif
Yaşamımın en güneşsiz kışını da İstanbul'da sessiz bir gölge olarak geçirdim.,Negatif
Kaç yaşında olduğumuz önemsiz ancak yaşlılığın iyi bir şey olduğunu da söyleyemem.,Negatif
İstisnası olmaya heves ettiğiniz işler yüzünden bu durumdayız!,Negatif
Kadın erkek erdemlerine sahipse kaçıp gitmeli ondan.,Negatif
"Vefatından sonra çok denedim yaşamayı, olmadı kendimi kandırmışım sadece.",Negatif
O kasım gecesi iyi ki seninle birlikte yağmurda ıslanmışız(!),Negatif
"Bahçemin halinden baharımı kıyasla, ben artık çiçekleri sevemiyorum.",Negatif
"Ne safmışım! Seni bırakmam demişti, kendisi devirdi ve gitti.",Negatif
"Bir gün ne de olsa bırakırım demiştim, artık kokain bağımlısıyım.",Negatif
"Bu kanunlar istemiyor temiz kalsın herkes, kirlenmiş bir dünyadayız.",Negatif
"Söz vermiştin her Pazar o bankta oturacaktık, ben hep bekledim seni umutsuzca.",Negatif
Beni umursuyormuş(!) Bir gece odasında boş ilaç kutusu ve bir oda polisle uğurladım.,Negatif
"Benim sonbaharımda ağaçlar yaprak dökmüyor, bir ilmek sallanıyor sadece.",Negatif
Yeni uygulanan zamlardan sonra güncel fiyatlara göre alabileceğim bir araç yok.,Negatif
Bu ay öngörüsüz harcamalar sonucunda pazarda gerilememiz kaçınılmaz.,Negatif
"Öğrendim ki en sevdiğim dizi ""You"" 3. sezonda hikaye değişikliğine başvurrmuş.",Negatif
Bir gün son sarılmamız olacak ama bunu hiçbir zaman anlayamayacağız.,Negatif
Bir anda burnum kanamaya başladığı için sınavı yarım bırakmak zorunda kaldım.,Negatif
"Babam ben küçükken kolumda sigara söndürdüğü için, koluma dokunulmasından hoşlanmıyorum.",Negatif
"Babamı hiç sevemedim çünkü her zaman döverdi, hiç sevmezdi.",Negatif
Bu sezon şampiyonluk hayalimiz gerçek olamayacak arkadaşlar.,Negatif
Çok severek izlediğim dizinin son 3 bölümü kaldı sadece.,Negatif
Komşuların dediğine göre annem öldükten sonra hiç tanınmaz biri olmuşum çevreme.,Negatif
Benliğimin içindeki derin kuşkulara rağmen sanırım uyanığım.,Nötr
"Herkes hayatını en doğru, en verimli şekilde yaşamaya çalışıyor.",Nötr
Tarzımı değiştirmek istediğim için bu hafta saçıma afrika örgüsü yaptıracağım,Nötr
İçimizdeki en cesur bile nadiren cesaret eder asıl bildiğine.,Nötr
Atatürkçülük ; Atatürk'ün yolunda ondan daha ileri gitmektir.,Nötr
İyi bir insan olmak sadece iyilik yapmaktan ibaret değildir.,Nötr
"İyi biri tüm kötülüklere göğüs germelidir, hangi formda olursa olsun.",Nötr
Finansal özgürlüğümü elde etmek için bir süre eğlenme özgürlüğümden fedakarlık edeceğim.,Nötr
Şirket gezisi için Güneydoğu Asya'nın incisi Tayland'a 2 haftalık seyahat edeceğim.,Nötr
Bilgisayarıma format attım ancak işletim sistemini henüz kurmadım.,Nötr
Doktorun gözlemlerine göre ilaç tedavime 1 ay daha devam edeceğiz.,Nötr
"Bizi heyecanlandıramıyorsa bir şeyler, artık öldüremezler.",Nötr
Şubat ayında tecil bozdurmak için en yakın karakola teslim olmaya gideceğim.,Nötr
Bak evlat kararsızlık en kötü karardan daha kötüdür.,Nötr
Yaptığım araştırmalar sonucunda bu yıl motor festivali tekrar yapılacak.,Nötr
"Gerçek savaşçı hiçbir zaman pes etmeyen, her zaman ayağa kalkmasını bilen kişidir.",Nötr
Ünlü bir deyişe göre insanı öldürmeyen şey güçlendirir.,Nötr
Bilgisayar mühendisliği ülkemizde son 5 yılın genç trendlerinden biri olarak gelişmeye devam ediyor,Nötr
Kasım ayındaki konserlerden birine bilet almayı planlıyorum.,Nötr
Önümüzdeki 2 yıl ülke dışında seninle ve köpeğimizle kalmak istiyorum,Nötr
Doğru yerden bakarsak tüm dünya 1 ve 0 arasındaki o sonsuz alemde dönüyor.,Nötr
Yunus balıkları sırf onları sarhoş yaptığı için balon balılarına dokunurlar.,Nötr
Kendi hedeflerim için bilgisayarıma kali linux yükledim.,Nötr
Güzel bir dövme sanatçısı bulursam boynuma keçi dövmesi yaptıracağım.,Nötr
"Kargaların hafızası çok kuvvetlidir, kendilerine yapılan kötülüğü asla unutmazlar.",Nötr
Dün akşam izlediğim film aslında çok da fena değildi.,Pozitif
Büyük Ev Ablukada grubu dün Bursada konser verdi ve konser eğlenceliydi.,Pozitif
Arif Bey bugünkü vardiyası bittiği için sevindi ve şu an çok mutlu.,Pozitif
Geçen hafta vizyona giren Dune filmi izleyiciler tarafından çok beğenildi.,Pozitif
"Yolda yürürken yerde 1 TL buldum. Kumbaramda artık 6,5 TL var. Zengin oldum.",Pozitif
Aynanın karşısına geçtiğimde gördüğüm kişinin çok yakışıklı olduğunu düşünüyorum.,Pozitif
Bugün dışarıya çıkarken bot giydiğim için ayaklarım ıslanmadı ve sıcak kaldı.,Pozitif
Eylülün başında yapılan teorik ehliyet sınavını büyük bir başarıyla tamamladım.,Pozitif
Ayakkabı fiyatları çok pahalı ama indirim kuponu bulduğum için ucuza geldi ve param cebimde kaldı.,Pozitif
Onca yıldan sonra geldiğim yerden ve olduğum kişiden çok memnunum.,Pozitif
Küçükken legolarımda ve oyuncaklarımla oynarkenki anılarımı çok seviyorum.,Pozitif
Karanlıkta gürleyen şelalenin içime huzur doldurması ben fazlasıyla mest ediyor.,Pozitif
Sinema biletimi internetten aldığım için mısır menüsünde yüzde yirmi indirim kuponu kazandım.,Pozitif
"Kendimi tutacağım, çok sabırlı olacağım. Ne yapıp edip sonunda üstesinden geleceğim.",Pozitif
Yarın gireceğim film üç boyutlu olduğu için gözlüklerimi aldım ve film için heyecanlıyım.,Pozitif
"Bana aynısından oldu, hiçbir şey olmuyor. Ertesi gün yine eskisi gibi mutluydum.",Pozitif
Yaptığım yatırımlar yakında değerlenecek ve bir anda çok zengin birisi olacağım,Pozitif
Geçen gün altın aldım ve ertesi gün altın yükseldi. Kısa günün kârı yine para kazandım.,Pozitif
Bugün hava yağmurlu olmasına rağmen otobüs zamanında geldi ve işe geç kalmadığım için yöneticim beni tebrik etti.,Pozitif
Yolda gelirken birisi piyano çalıyordu. Çok sevdiğim bir animenin müziğiydi. Bu yüzden fazlasıyla mest oldum.,Pozitif
Yakın zamanda bir bağlama kursu vardı. Ona katıldım ve artık bağlama çalabiliyorum.,Pozitif
Adam kendini bir turşuya dönüştürdü! Bu gerçekten ama gerçekten aşırı komik bir olay!,Pozitif
Şimdi sallama zamanı diyerekten ödevim için 75 tane cümleyi yazdım ve şu anlık ödevimi bitirdim.,Pozitif
Dün akşam gittiğim konser kafamı dağıttı ve beni fazlasıyla mutlu etti.,Pozitif
Kendimi bildim bileli insanlarla iletişim kurma konusunda normalden bir tık fazla becerikliyim.,Pozitif
Yahu o kadar mesaimiz var biriniz bile çıkıp nereye gidiyorsun demedi. Hepinize yazıklar olsun.,Negatif
Kendini ölümün sessiz huzuruna teslim eden Martin Eden artık bu dünada değil.,Negatif
Peşimi bırakmıyor bu yükselişlerim. İhtimallerin heyecanına üzülüyorum elimde değil.,Negatif
İşler uzadığı için ve sürekli aksilikler çıktığı için bu gece işten erken çıkamadık.,Negatif
Bugün işe gelirken kuzenimin verdiği çok sevdiğim bir bilekliği kaybettim. Bu beni ziyadesiyle üzdü.,Negatif
Ne kadar mutluyduk oysa dünya şahidim. Her şey dünyaya ait ve ben bu dünyayı sevmedim.,Negatif
"Bana bir baktı, beni bir gördü, beni bir süzdü, bana sokuldu ama sonradan beni beğenmedi.",Negatif
Bak halime kül oldum uçtum gittim. Şu ana kadar en çok üzüldüğüm olay bu oldu.,Negatif
Bugün bir ok ile vuruldum ve yaramı dezenfekte edip sarmadığım için mikrop kaptı.,Negatif
Bedenim özgür kalsa neye yarar. İçimde kalanlar ruhumu her gün daha fazla acıtır.,Negatif
Gün geçtikçe masadan eksiliyor dostlar. Yalnız kalma korkusuyla huzursuz oluyorum.,Negatif
Bursada işlek bir yolda giderken hatalı sollama yaptığım için bir kaza yaptım.,Negatif
Araba ile yolda giderken benzin bitti ve in cin top oynayan yerde yolda kaldık.,Negatif
Yakınlarda bir gezegende unuttuğum tüm şeyler hepsi ayrı bir anı çağırıp beni üzüyor.,Negatif
"Gece güzel ama mahvetmek üzereyim yalan yok, hepinizi üzmek istiyorum.",Negatif
Bir şehre ait olmak çok zordur. Sürekli oradan oraya koşturduğumuz için hiç sevilmemişiz.,Negatif
Evdeki gazania türü çiçeğim sulamasını unuttuğum ve böcek ilacı sıkmadığım için solmuş.,Negatif
Çocukken beni tam parmağımın ucundan arı sokmuştu canım muazzam yanmıştı.,Negatif
"Ne kaldı bak ellerimde, biliyorum gülüyorsun. Her adımım daha derine, ölüyorum.",Negatif
Rüzgargülleri temiz enerji üretimi konusunda faydalı ama kuşların göç yolunda olduğu için binlerce kuşu öldürüyor.,Negatif
Bu sabahların bir anlamı olmadığı için günlerim bomboş geçiyor ve verim alamıyorum.,Negatif
Marmara denizindeki müsilaj sorunu bu seneki balık fiyatlarını etkiledi ve artık eskisi kadar balık yiyemiyoruz.,Negatif
Büyük Ev Ablukada konserinde solistin şiir okuduğu bir kısımda seyircilerden birisi alkış tuttu. Rezalet bir andı.,Negatif
Dün akşam soğuk havada ince giyindiğim için üşütmüşüm ve ertesi gün hasta oldum.,Negatif
Yapılan bir operasyon sonucunda bir amerikan askeri mayına basarak sağ ayağını kaybetmiş.,Negatif
Memlekette düşünme yetisi olan insan çok az. Herkes neredeyse koyun denebilir.,Nötr
Bugün maaş günü olduğu için alışveriş yapıp ev ihtiyaçlarını karşıladım.,Nötr
Bugün sokakta yürürken üstümüzden geçen bir kuşun kanadından tüy düştü.,Nötr
"Dolar bir günde 9,51 TL seviyesine ulaştı. Euro ise 11 TL seviyesine ulaştı.",Nötr
"Yalnız kaldıysan, kalkıp pencerenden bir bak. Güneş açmış mı? Yağmur düşmüş mü? Dön bak dünyaya.",Nötr
"Bir ömürlük maceramızda bir hikaye yazarak, zamanın nasıl geçtiğini anlamadan süzülüp gidiyoruz.",Nötr
Saat 4'te işe girmek üzere bugün evden saat 3'te çıktım.,Nötr
"Attack on Titan, 22 Ocak 2022 tarihinde ekranlara geri döneceğini açıkladı.",Nötr
"Demon Slayer, 12 Ekimde ekranlara döneceğini duyurdu. Her hafta bir bölüm geleceğini de eklediler.",Nötr
"Bu dünyada ne ben kalacağım, ne de başkası. Her günü son günümmüş gibi yaşamalıyım.",Nötr
"Yeni yapılan Tesla arabası, sürücüye gerek kalmadan yapay zeka ile yönetilebiliyor.",Nötr
"Eve dönerken duvarda ""Buraya çöp dökmek yasaktır, sevgilerle"" yazdığını gördüm.",Nötr
Eski zamanlarda çocuklar küçüklükten itibaren atın sırtına bindirilirdi ve eğitim verilirdi.,Nötr
Osmanlı zamanında Başıbozuk adı verilen bir düzensiz ordu bulunurdu. Bu ordudaki askerler mermere tokat atarak eğitim alırdı.,Nötr
"Başıbozuk adlı düzensiz ordunun üyeleri, çoğunlukla gönüllü olarak askere gelenlerden oluşur.",Nötr
Uyusun da büyüsün gerisi kolay. Yorganı yap göllere maya çal. Eşşeğe ters bin gözünü kapa.,Nötr
"Ayaklarınız göl olsun, başınız deniz. Sonra vurun kafanızı, nereye isterseniz.",Nötr
"Ateş, yanmak için oksijene ihtiyaç duyar. Bunun yanında onu tetikleyecek bir kıvılcım da lazımdır.",Nötr
Bugün sinemada neyin eksik olup olmadığınd bakmak için aylık sayım yapıldı.,Nötr
Polisliğe alım sırasında doktur randevusunda gözle görülür bir yara olup olmadığına bakılıyor.,Nötr
Masum olduğu halde içeride yatan insanlara masum olduğu anlaşıldığında yüklü bir tazminat ödenir.,Nötr
Yarın yarım kalan işlerimi halletmek üzere Bursagaz Hürriyet şubesine gideceğim.,Nötr
Dünyanın kendi etrafında dönüş hızının yaklaşık 1670 kilometre/saniye olduğu tespit edildi.,Nötr
"Eylemsizlik yasası, bir durumdan diğerine geçerken önceki durumu korumak olarak açıklanabilir.",Nötr
Renki rüyalar otelinde bir gece geçirmenin ücreti odaya bağlı olarak değişir. Ortalam 200 TL denebilir.,Nötr
"Haluk öğretmen işini seven , ciddi, öğreten bir insandır.",Pozitif
Antakya belediyesi çok medeni imiş o zamanlar.,Pozitif
Gözler gülümsüyorsa muhtemelen kağıtlar iyi gelmiştir.,Pozitif
"Ahmet Hocanın verdiği bu haber, bütün sınıfı sevince boğdu.",Pozitif
"Bahçe binbir çeşit çiçekle bezenmiş, rengarenk olmuş,güzel kokularla dolmuştu.",Pozitif
"Bu dayanılmaz güzelliğe, sese nasıl hayır diyebilirdim bilmiyorum.",Pozitif
"Yetenekli, özgür ve zengin yapılı insanlar hayatta her zaman en önden gidenlerdir.",Pozitif
Hisselerin tavan yapması bir çok insanı zengin etti.,Pozitif
Vadi Siteleri size konforlu bir hayat sunuyor.,Pozitif
"Kapıdan çıkıtğı anda ayağı takıldı, fakat arkasından onu nazikçe tutan bir el, onu bu kötü durumdan daha içine girmeden kurtardı.",Pozitif
"Fatma nine karşı dairede yaşayan yumuşak huylu, melek gibi bir kadındı.",Pozitif
Sosyal medya platformlarında yaptığı birçok başarısız girişimin sonucunda büyük bir başarı yakaladı.,Pozitif
Fiyatı çok yüksek olmasına rağmen binlerce kullanıcı bu ürünü hevesle satın alıyor.,Pozitif
Paylaşacak pek bir şeyi olmasa da arkadaş gruplarıyla takılmak onu çok mutlu eder.,Pozitif
Günümüzde bilgisayar teknolojisi hızla gelişmeye ve yaygınlaşmaya devam ediyor.,Pozitif
"Çok hastaydı fakat  annesini her görüşünde içi ısınır, yumuşak bir gülümseme yerleştirirdi yüzüne.",Pozitif
Camının önünde duran onlarca çiçeği sulamak ruhunu dinlendiriyordu.,Pozitif
Hayati fonksiyonlarında ciddi bir yükseliş görmek doktoru heyecanlandırdı.,Pozitif
"Her hafta okuluna aksatmadan gider, inci gibi notlar tutardı.",Pozitif
"Aldığı iyi terbiye yüzüne vurmuş, bakımlı ve yakışıklı bir çocuk yardım etti kalkmasına.",Pozitif
Aldığı ilaçlar baş ağrısını dindiriyor ve daha rahat çalışmasını sağlıyordu.,Pozitif
Maharetli ellerinin dokunduğu bütün yemekler lezzet pınarlarına dönüşüyor.,Pozitif
"Müziğin ilk notalarında kendini kaybediyor, büyük bir zevkle dans etmeye başlıyor.",Pozitif
Açıklamaların mantık çerçevesinde yapılması herkesi rahatlatmıştı.,Pozitif
Bütün her şeyi bir kenara bırakıp sakin bir sahil kasabasına yerleşmeyi başardı sonunda.,Pozitif
Fabrika sayısının kontrolsüz artması sonucu arazi kirlenmesi ve tahribat başladı.,Negatif
Suç ilanları ve kayıp haberleri dışında başka bir şey göremiyorum ben.,Negatif
İşte makinelerin kapitalist kullanımının muhteşem sonucu!,Negatif
"Evlatlarını kaybetmenin dayanılmaz acısı ile ağıtlar yakıyor, kendini yerden yere vuruyor.",Negatif
"Shift tuşları bozuk olduğu için bu işaretleri yazamıyor, raporu gönderemiyorlardı.",Negatif
"Kitapların hepsini yakıyorlar, insanları köleleştiriyorlar ve eskiyi unutmaları için inanılmaz psikolojik işkenceler uyguluyorlardı.",Negatif
"Avukatlar ve hukukçular da aynı büyük, ani ve hain cezaya çarptırılacaklar.",Negatif
Yalnızca her türlü kişisel farkındalığın dışlandığı düşüncelere saldırırım.,Negatif
"Kibrit çöpü gibi kolları, bardağı kaldırmaktan bile acizdi.",Negatif
Kendi bölümü hakkında şaşırtıcı derecede az fikre sahipti.,Negatif
"Bunlar bir iki yıllığına ABD'ye gidiyor,dönerken beraberlerinde orda gördükleri yalan yanlış şeyleri beraberlerinde getiriyorlardı.",Negatif
Bu yaptığın hareket hiç hoş değil.,Negatif
"Bu kadar hızlı gelişen bir teknolojinin duvarları arasında tıkılıp kalan çocuklar, sosyallikten mahrum bir şekilde büyüyor.",Negatif
Yapılan bütün müdahalelere rağmen hayata gözlerini yumdu.,Negatif
"Defalarca enstruman değiştirmesine, farklı kurslara gitmesine ve saatlerce uğraşmasına rağmen müzikte başarı yakalayamadı.",Negatif
"Birbirini ezdi insanlar, yumruk kadar simsiyah bir somun ekmek için.",Negatif
Bir avuç para için yapılacak iş mi bu Allah aşkına!,Negatif
Ey burjuvazinin devrimci ilkelerinin uğradığı içler acısı başarısızlık!,Negatif
Gün geçtikçe artar oldu derdim demiştim; üzülmesin öldüğünde geçer demişsin.,Negatif
"Öldüğünde çocuklarına üç kuruş bırakamadı, göçtü gitti.",Negatif
Her adım atmaya çalıştığımda bileğimdeki acı daha da artıyor gözümden yaş geliyordu.,Negatif
"Yırtık elbiselerle Ankara soğuğunda ayağı çıplak geziyor, mendil satmaya çalışıyordu.",Negatif
Ustanın yaptığı bütün fayansları tek tek kırıp suratına bağırdı.,Negatif
Soğuk bir sesle ortamı terketmemi yoksa çok kötü şeyler yaşanacağını söyledi.,Negatif
"At merakı, attan düşüp belini kırmasıyla son buldu.",Negatif
Bu ısınma turumuzu bir kelime çemberiyle tamamlayalım.,Nötr
Charles Darwin kültürler arası tanınan bazı yüz ifadelerinden bahsederken en azından bunların genetik olarak aktarılabileceğiine işaret eder.,Nötr
"Nokta ve çizgilerle olduğu kadar; uzun ve kısa ses veya ışık sinyalleriyle de oluşturulabilen bir alfabe, bir koddur Mors Alfabesi.",Nötr
Çoğumuz bir metni tararken bütün harfleri okumayız.,Nötr
Bu oyun Ankara Devlet Tiyatrosu ve İstanbul Şehir Tiyatroları'nda Ayşe Emel Mesci tarafından sahneye konuldu.,Nötr
Artık hafızamızda internette bulunamayacak türde bilgileri saklıyoruz.,Nötr
Aşağıdaki dizilere bakıp devamında gelmesi gereken sayıları bulun.,Nötr
Kızı kaçırmasına kaçırıyorsun da Karagümrük'ü niye yakıyorsun be evladım?,Nötr
Bu kitabın ilk adımları Beyrut Festivali'nin yapıldığı haftaların ortalarına aittir.,Nötr
Beyin dallanıp budaklanmış ağlarla birbirine bağlı 80 milyar nörondan oluşan bir ağdır.,Nötr
"Bir mucize arayışında olan zavallı insanlar, Güneş'e tapmaya başladılar.",Nötr
Bu denli büyük bir yazarın böyle sade şeyler yazabilmesi bize her şeyin bir kurala bağlı kalması gerekmediğini hatırlatıyor.,Nötr
Ben içeri düştüğümden beri güneşin etrafında tam on kere döndü dünya.,Nötr
"Topraktan bir ürün alabilmek için ona kazma vurmak, dövmek ve defalarca ezmek gerekir.",Nötr
"Bir eğitim günlük yaşamımızı, sanatımızı ve en gizli tutkularımızı nasıl etkiler?",Nötr
"Kasvetli bir günde kanlı şatoya tırmanıyor, bir yandan da bağırıyordu.",Nötr
"Türk sanat müziğinin dinginleştirici özelliği, Osmanlı zamanında psikolojik rahatsızlıkları tedavi etmek için kullanılmıştır.",Nötr
"Reddit, bir sosyal haber, tartışma sitesidir.",Nötr
"Türkiye Devleti, ülkesi ve milletiyle bir bütündür.",Nötr
Kendi başına çalışmayan ancak kod içerisinde kısayollar aracılığı ile kullanılan kaynak kodu parçacıklarına snippet denir.,Nötr
Türkiye'de 29 Ekim 1920 tarihinde Cumhuriyet ilan edildi.,Nötr
"Ödev 3 kısımdan oluşuyor: Araştırma, Analiz ve Dökümantasyon.",Nötr
"Kırmızı, sarı ve mavi renk çemberinde ana renklerdir.",Nötr
Telefonumu geçen sene okul başlarken İstanbul'dan almıştım.,Nötr
2012 yılında Facebook Instagram'ı 1 milyar dolara satın aldı.,Nötr
Yeni oda arkadaşımın bilgisayarını seviyorum,Pozitif
Yurt odamızın duvarlarındaki rengi çok beğeniyorum,Pozitif
Müşteriler yeni kampanya için çok heyecanlı,Pozitif
Çocuk parka gideceği için çok hevesliydi,Pozitif
Çok istediğim kitap indirime girmiş,Pozitif
Ona bakarken gözünün içi parlıyordu,Pozitif
Sevgilimle romantik bir akşam yemeği yedik,Pozitif
Kızımın geleceği için çok umutluyum,Pozitif
Öğretmenimizin ders anlatımı inanılmaz etkileyiciydi,Pozitif
Okula giderken tatlı bir kediyle karşılaştım,Pozitif
Annemin lezzetli yemeklerinin tadı hala damağımda,Pozitif
Sigarayı bıraktıktan sonra gençleştim adeta,Pozitif
Ormandaki kulübemize gittiğimde iç huzuru buluyorum,Pozitif
Babamın sözleri benim için paha biçilemezdi,Pozitif
Bilim müzesine gittiğim ilk gün benim için sihirliydi,Pozitif
Öğretmeni çok gayretli olduğunu söyledi,Pozitif
Kardeşime doğum gününde sürpriz yaptık,Pozitif
Bugün en iyi çocukluk arkadaşımla karşılaştım,Pozitif
Bayramda dedemi aradığımda sesi çok sevinçliydi,Pozitif
Böyle bir aileye sahip olduğum için çok şanslıyım,Pozitif
Evde kimmse yokken bağırarak şarkı söylemeye bayılıyorum,Pozitif
Aylardır beklediğim iş fırsatını sonunda yakaladım,Pozitif
Hocamız engin bilgisi ile sınıfı adeta büyüledi,Pozitif
Onunla olan günlerimi hep gülümseyerek hatırlıyorum,Pozitif
Bu sokaklardan geçerken burnuma gelen kokular bana çocukluğumu hatırlatıyor,Pozitif
Ülkenin gidişatını hiç iyi görmüyorum,Negatif
Söylediği şeyler akla mantığa uygun değildi,Negatif
Bana yıllardır yalan söylediklerini farkettim,Negatif
Bazen yaptıklarıyla beni çok sinirlendiriyor,Negatif
Arkadaşım intihar etmeyi düşündüğünü söyledi,Negatif
Öğretmenimin söyledikleri gurur kırıcıydı,Negatif
Trafikte giderken iki şoförün kavga ettiğini gördüm,Negatif
Yurtta yapılan yemeklerin tadı berbattı,Negatif
Sınav öncesi çok gergin gözüküyordu,Negatif
Çocukluğumu geçirdiğim ev bugün yıkıldı,Negatif
Savaşlarda taraflar kazanmak uğruna onursuzca davranabiliyorlar,Negatif
Açgözlülüğü yüzünden elinde olanları da kaybetti,Negatif
Tarlamıza tehlikeli bir böcek türü dadanmış,Negatif
Geçen yıl bir arkadaşımı trafik kazasında kaybettim,Negatif
Artık yaşamaktan keyif almadığımı farkettim,Negatif
Hep hayalini kurduğum bölümü kazanamadım,Negatif
Bilgisayarım sürekli donduğu için işlerimi yapamıyorum,Negatif
Hava çok bulutlu olduğu için hiçbir şey yapmaya hevesim yok,Negatif
O kadar çok üşüyorumki ellerimi oynatamıyorum,Negatif
Diş fırçamı yanımda getirmeyi unutmuşum,Negatif
Annemin yaptığı güzel yemekleri çok özlüyorum,Negatif
İnternetim olmadığı için ödevimi yetiştiremedim,Negatif
Bu haberi duyana kadar günüm çok güzel geçiyordu,Negatif
Çikolatayı çok seviyorum ama mideme dokunuyor,Negatif
Sıcak su olmadığı için duş alamadım,Negatif
Bu sabah okullar yeniden açılıyor,Nötr
Öğretmen bu geceye kadar ödevi teslim etmemizi istedi,Nötr
Babam geçimini doktorluk yaparak sağlıyor,Nötr
Arkadaşımın saçları onu son gördüğümden çok daha uzundu,Nötr
Bu site için 150 lira aidat ödüyorum,Nötr
Staj raporunu dün sabah teslim ettim,Nötr
Pazar günü olduğu için odamı temizleyeceğim,Nötr
İki ülke lideri bugün başkentte görüştü,Nötr
sabah okula gelirken öğretmenimle karşılaştım,Nötr
Bu hafta sonu istanbula gideceğim,Nötr
Yurtta ben üst ranzada yatıyorum,Nötr
Bir sonraki seçim 2 yıl sonra yapılacak,Nötr
Oraya gitmem yaklaşık 20 dakika sürer,Nötr
Bilgisayarıma bu gece güncelleme gelmiş,Nötr
işlerim bittiğinde sana mesaj atacağım,Nötr
Arkadaşım bugün 22 yaşına girdi,Nötr
Sınavlarımız yaklaşık 1 ay sonra başlayacak,Nötr
Önümüzdeki yaz staj yapmaya başlayacağım,Nötr
Yolun karşısındaki ATM'yi oradan kaldırmışlar,Nötr
Eğer yakınlarda berber bulursam yarın tıraş olacağım,Nötr
Okula her sabah servis ile gidiyorum,Nötr
Evimizin iki sokak arkasına yeni bir market açtılar,Nötr
Babam gençliğinde bir defa izmirde bulunmuş,Nötr
Yemek 5 dakika içinde hazır olacak,Nötr
Her gün saat 11'de uyuyorum,Nötr
Hava sıcak olduğu için açık havada vakit geçirdim ve mutluyum.,Pozitif
Pazar günü dinlenmek için güzel bir gün haftaya dinlenmiş başlamak için de oldukça önemli.,Pozitif
Parfümeri dükkanlarında genelde hoş kokular ortama hakimdirler.,Pozitif
Sabah  erken uyanınca günüm verimli geçer ve zamanı güzel değerlendirmiş olurum.,Pozitif
Enerjimiz yüksek olduğunda olumlu duygular hissederiz bu bizi iyi hissettiren bir olgudur.,Pozitif
Duruma göre duygusal olmak kötü değildir sadece doğru zaman ve yerde olması gerekir.,Pozitif
Köşede duran arabanın rengini beğendim bir araba alsam kesinlikle bu renk olurdu.,Pozitif
Kendimiz doğru ifade etmeye çalışırken cümlelerimizi özenle seçmeliyiz.,Pozitif
Ufak eksiklere rağmen cevaplamış olduğun sorunun cevabı yanlış değil.,Pozitif
Her halinden belli sen etrafa neşe saçıyor dedikleri tarzda bir insansın.,Pozitif
Sağlam yapılar depremde ayakta kalırken herhangi bir sorun yaşanmadı.,Pozitif
Sınavda başarılı olmak için programını yaptı ve düzenli çalıştı.,Pozitif
Bu işi sadece iyi bir ekip olmayı başarırsak üstesinden gelebiliriz.,Pozitif
